Fecha de búsqueda,Producto,Precio
2024-06-23,Tv Led Bgh 50 B5023us6g Smartv Uhd 4k Googletv/hdmi/usb,$649.999
2024-06-23,Smart Tv Bgh Google Tv 5023us6g Led 4k 50 New,$689.999
2024-06-23,Smart Tv Bgh Google Tv 5023us6g Led 4k 50  110v - 240v,$590.691
2024-06-23,Smart Tv Bgh Google Tv 5023us6g Led 4k 50  110v - 240v C/c/c,$789.999
2024-06-23,Smart Tv Uhd 4k 50  Bgh Google Tv B5023us6g,$669.999
2024-06-23,Smart Tv Bgh Google Tv 5023us6g Led 4k 50,$590.691
2024-06-23,Smart Tv 50 Pulgadas Bgh B5023us6g Fhd Google Tv,$640.207
2024-06-23,Smart Tv Bgh Uhd Led 4k 50  B5023us6g Google Tv,$567.387
2024-06-23,Smart Tv  Bgh Google Tv B5023us6g,$590.691
2024-06-23,Tv Led Bgh 50 B5023us6g Smartv Uhd 4k Googletv/hdmi/usb,$649.999
2024-06-23,Smart Tv Bgh Google Tv 5023us6g Led 4k 50 New,$689.999
2024-06-23,Smart Tv Bgh Google Tv 5023us6g Led 4k 50  110v - 240v,$590.691
2024-06-23,Smart Tv Bgh Google Tv 5023us6g Led 4k 50  110v - 240v C/c/c,$789.999
2024-06-23,Smart Tv Uhd 4k 50  Bgh Google Tv B5023us6g,$669.999
2024-06-23,Smart Tv Bgh Google Tv 5023us6g Led 4k 50,$590.691
2024-06-23,Smart Tv 50 Pulgadas Bgh B5023us6g Fhd Google Tv,$640.207
2024-06-23,Smart Tv Bgh Uhd Led 4k 50  B5023us6g Google Tv,$567.387
2024-06-23,Smart Tv  Bgh Google Tv B5023us6g,$590.691
2024-06-23,Tv Led Bgh 50 B5023us6g Smartv Uhd 4k Googletv/hdmi/usb,$649.999
2024-06-23,Smart Tv Bgh Google Tv 5023us6g Led 4k 50 New,$689.999
2024-06-23,Smart Tv Bgh Google Tv 5023us6g Led 4k 50  110v - 240v,$590.691
2024-06-23,Smart Tv Bgh Google Tv 5023us6g Led 4k 50  110v - 240v C/c/c,$789.999
2024-06-23,Smart Tv Uhd 4k 50  Bgh Google Tv B5023us6g,$669.999
2024-06-23,Smart Tv Bgh Google Tv 5023us6g Led 4k 50,$590.691
2024-06-23,Smart Tv 50 Pulgadas Bgh B5023us6g Fhd Google Tv,$640.207
2024-06-23,Smart Tv Bgh Uhd Led 4k 50  B5023us6g Google Tv,$567.387
2024-06-23,Smart Tv  Bgh Google Tv B5023us6g,$590.691
2024-06-23,"Smart TV BGH Google Tv 5023US6G LED 4K 50"" 110V - 240V",$19207.45
2024-06-23,Tv Led Bgh 50 B5023us6g Smartv Uhd 4k Googletv/hdmi/usb,$19887.48
2024-06-23,Smart Tv Bgh Google Tv 5023us6g Led 4k 50 New,$13224.08
2024-06-23,Smart Tv Bgh Google Tv 5023us6g Led 4k 50  110v - 240v,$7404.72
2024-06-23,Smart Tv Bgh Google Tv 5023us6g Led 4k 50  110v - 240v C/c/c,$11651.27
2024-06-23,Smart Tv Uhd 4k 50  Bgh Google Tv B5023us6g,$8949.37
2024-06-23,Smart Tv Bgh Google Tv 5023us6g Led 4k 50,$12193.88
2024-06-23,Smart Tv 50 Pulgadas Bgh B5023us6g Fhd Google Tv,$18233.57
2024-06-23,Smart Tv Bgh Uhd Led 4k 50  B5023us6g Google Tv,$17647.55
2024-06-23,Smart Tv  Bgh Google Tv B5023us6g,$8002.90
2024-06-23,Smart Tv 4k Ultra Hd Bgh 50 Pulgadas Google Tv,$14102.40
2024-06-23,"Smart TV BGH B4322FS5A LED Android TV Full HD 43"" 220V",$8886.48
2024-06-23,Smart Tv Bgh 32'' Hd Control Por Voz Y Android Tv B3222s5a,$16279.41
2024-06-23,"Smart TV LED 55"" BGH B5522US6A Android",$16122.26
2024-06-23,Control Remoto Tv Led Lcd Smart Para Bgh Top House 623 Zuk,$16021.94
2024-06-23,Control Remoto Smart Tv Para Bgh B4322fs5a Feelnology Led,$10280.26
2024-06-23,Control Remoto Smart Tv Con Comando Voz Para Hisense Bgh,$17100.89
2024-06-23,Control Remoto B5022us6a Para Bgh Feelnology Smart Tv,$17066.36
2024-06-23,Control Remoto Tv Smart Led Para Bgh Kodak Datsun Irt Zuk,$18802.73
2024-06-23,Control Remoto / Original Smart Tv / Hisense/bgh/noblex/jvc,$11091.39
2024-06-22,"Smart TV BGH Google Tv 5023US6G LED 4K 50"" 110V - 240V",$13404.18
2024-06-22,Tv Led Bgh 50 B5023us6g Smartv Uhd 4k Googletv/hdmi/usb,$15023.62
2024-06-22,Smart Tv Bgh Google Tv 5023us6g Led 4k 50 New,$12179.27
2024-06-22,Smart Tv Bgh Google Tv 5023us6g Led 4k 50  110v - 240v,$12192.49
2024-06-22,Smart Tv Bgh Google Tv 5023us6g Led 4k 50  110v - 240v C/c/c,$12359.55
2024-06-22,Smart Tv Uhd 4k 50  Bgh Google Tv B5023us6g,$14349.94
2024-06-22,Smart Tv Bgh Google Tv 5023us6g Led 4k 50,$13798.08
2024-06-22,Smart Tv 50 Pulgadas Bgh B5023us6g Fhd Google Tv,$10289.52
2024-06-22,Smart Tv Bgh Uhd Led 4k 50  B5023us6g Google Tv,$15445.97
2024-06-22,Smart Tv  Bgh Google Tv B5023us6g,$7421.00
2024-06-22,Smart Tv 4k Ultra Hd Bgh 50 Pulgadas Google Tv,$10028.05
2024-06-22,"Smart TV BGH B4322FS5A LED Android TV Full HD 43"" 220V",$16273.73
2024-06-22,Smart Tv Bgh 32'' Hd Control Por Voz Y Android Tv B3222s5a,$15074.32
2024-06-22,"Smart TV LED 55"" BGH B5522US6A Android",$6019.37
2024-06-22,Control Remoto Tv Led Lcd Smart Para Bgh Top House 623 Zuk,$10338.01
2024-06-22,Control Remoto Smart Tv Para Bgh B4322fs5a Feelnology Led,$17249.62
2024-06-22,Control Remoto Smart Tv Con Comando Voz Para Hisense Bgh,$18593.85
2024-06-22,Control Remoto B5022us6a Para Bgh Feelnology Smart Tv,$6875.54
2024-06-22,Control Remoto Tv Smart Led Para Bgh Kodak Datsun Irt Zuk,$15806.92
2024-06-22,Control Remoto / Original Smart Tv / Hisense/bgh/noblex/jvc,$14448.49
2024-06-21,"Smart TV BGH Google Tv 5023US6G LED 4K 50"" 110V - 240V",$10390.28
2024-06-21,Tv Led Bgh 50 B5023us6g Smartv Uhd 4k Googletv/hdmi/usb,$10374.71
2024-06-21,Smart Tv Bgh Google Tv 5023us6g Led 4k 50 New,$10560.33
2024-06-21,Smart Tv Bgh Google Tv 5023us6g Led 4k 50  110v - 240v,$15479.51
2024-06-21,Smart Tv Bgh Google Tv 5023us6g Led 4k 50  110v - 240v C/c/c,$18579.47
2024-06-21,Smart Tv Uhd 4k 50  Bgh Google Tv B5023us6g,$18802.08
2024-06-21,Smart Tv Bgh Google Tv 5023us6g Led 4k 50,$17809.28
2024-06-21,Smart Tv 50 Pulgadas Bgh B5023us6g Fhd Google Tv,$13404.57
2024-06-21,Smart Tv Bgh Uhd Led 4k 50  B5023us6g Google Tv,$10696.31
2024-06-21,Smart Tv  Bgh Google Tv B5023us6g,$14867.75
2024-06-21,Smart Tv 4k Ultra Hd Bgh 50 Pulgadas Google Tv,$16530.05
2024-06-21,"Smart TV BGH B4322FS5A LED Android TV Full HD 43"" 220V",$8831.86
2024-06-21,Smart Tv Bgh 32'' Hd Control Por Voz Y Android Tv B3222s5a,$14937.92
2024-06-21,"Smart TV LED 55"" BGH B5522US6A Android",$11494.34
2024-06-21,Control Remoto Tv Led Lcd Smart Para Bgh Top House 623 Zuk,$16041.56
2024-06-21,Control Remoto Smart Tv Para Bgh B4322fs5a Feelnology Led,$9952.54
2024-06-21,Control Remoto Smart Tv Con Comando Voz Para Hisense Bgh,$15791.27
2024-06-21,Control Remoto B5022us6a Para Bgh Feelnology Smart Tv,$18037.73
2024-06-21,Control Remoto Tv Smart Led Para Bgh Kodak Datsun Irt Zuk,$9446.17
2024-06-21,Control Remoto / Original Smart Tv / Hisense/bgh/noblex/jvc,$7547.78
2024-06-20,"Smart TV BGH Google Tv 5023US6G LED 4K 50"" 110V - 240V",$17762.22
2024-06-20,Tv Led Bgh 50 B5023us6g Smartv Uhd 4k Googletv/hdmi/usb,$5475.55
2024-06-20,Smart Tv Bgh Google Tv 5023us6g Led 4k 50 New,$13787.12
2024-06-20,Smart Tv Bgh Google Tv 5023us6g Led 4k 50  110v - 240v,$11367.17
2024-06-20,Smart Tv Bgh Google Tv 5023us6g Led 4k 50  110v - 240v C/c/c,$5234.33
2024-06-20,Smart Tv Uhd 4k 50  Bgh Google Tv B5023us6g,$18210.72
2024-06-20,Smart Tv Bgh Google Tv 5023us6g Led 4k 50,$17842.98
2024-06-20,Smart Tv 50 Pulgadas Bgh B5023us6g Fhd Google Tv,$13933.90
2024-06-20,Smart Tv Bgh Uhd Led 4k 50  B5023us6g Google Tv,$10092.12
2024-06-20,Smart Tv  Bgh Google Tv B5023us6g,$15026.63
2024-06-20,Smart Tv 4k Ultra Hd Bgh 50 Pulgadas Google Tv,$11990.81
2024-06-20,"Smart TV BGH B4322FS5A LED Android TV Full HD 43"" 220V",$12914.13
2024-06-20,Smart Tv Bgh 32'' Hd Control Por Voz Y Android Tv B3222s5a,$13882.27
2024-06-20,"Smart TV LED 55"" BGH B5522US6A Android",$5656.12
2024-06-20,Control Remoto Tv Led Lcd Smart Para Bgh Top House 623 Zuk,$13669.12
2024-06-20,Control Remoto Smart Tv Para Bgh B4322fs5a Feelnology Led,$19277.14
2024-06-20,Control Remoto Smart Tv Con Comando Voz Para Hisense Bgh,$18772.53
2024-06-20,Control Remoto B5022us6a Para Bgh Feelnology Smart Tv,$16206.59
2024-06-20,Control Remoto Tv Smart Led Para Bgh Kodak Datsun Irt Zuk,$17928.14
2024-06-20,Control Remoto / Original Smart Tv / Hisense/bgh/noblex/jvc,$19072.58
2024-06-19,"Smart TV BGH Google Tv 5023US6G LED 4K 50"" 110V - 240V",$17399.35
2024-06-19,Tv Led Bgh 50 B5023us6g Smartv Uhd 4k Googletv/hdmi/usb,$13928.77
2024-06-19,Smart Tv Bgh Google Tv 5023us6g Led 4k 50 New,$17364.39
2024-06-19,Smart Tv Bgh Google Tv 5023us6g Led 4k 50  110v - 240v,$10565.59
2024-06-19,Smart Tv Bgh Google Tv 5023us6g Led 4k 50  110v - 240v C/c/c,$7661.55
2024-06-19,Smart Tv Uhd 4k 50  Bgh Google Tv B5023us6g,$18483.81
2024-06-19,Smart Tv Bgh Google Tv 5023us6g Led 4k 50,$8910.80
2024-06-19,Smart Tv 50 Pulgadas Bgh B5023us6g Fhd Google Tv,$5310.83
2024-06-19,Smart Tv Bgh Uhd Led 4k 50  B5023us6g Google Tv,$6715.42
2024-06-19,Smart Tv  Bgh Google Tv B5023us6g,$8597.83
2024-06-19,Smart Tv 4k Ultra Hd Bgh 50 Pulgadas Google Tv,$15208.96
2024-06-19,"Smart TV BGH B4322FS5A LED Android TV Full HD 43"" 220V",$14315.66
2024-06-19,Smart Tv Bgh 32'' Hd Control Por Voz Y Android Tv B3222s5a,$5986.91
2024-06-19,"Smart TV LED 55"" BGH B5522US6A Android",$16603.52
2024-06-19,Control Remoto Tv Led Lcd Smart Para Bgh Top House 623 Zuk,$8383.81
2024-06-19,Control Remoto Smart Tv Para Bgh B4322fs5a Feelnology Led,$11775.36
2024-06-19,Control Remoto Smart Tv Con Comando Voz Para Hisense Bgh,$12152.00
2024-06-19,Control Remoto B5022us6a Para Bgh Feelnology Smart Tv,$9477.44
2024-06-19,Control Remoto Tv Smart Led Para Bgh Kodak Datsun Irt Zuk,$17129.18
2024-06-19,Control Remoto / Original Smart Tv / Hisense/bgh/noblex/jvc,$16523.86
2024-06-18,"Smart TV BGH Google Tv 5023US6G LED 4K 50"" 110V - 240V",$10756.50
2024-06-18,Tv Led Bgh 50 B5023us6g Smartv Uhd 4k Googletv/hdmi/usb,$16926.81
2024-06-18,Smart Tv Bgh Google Tv 5023us6g Led 4k 50 New,$14420.14
2024-06-18,Smart Tv Bgh Google Tv 5023us6g Led 4k 50  110v - 240v,$11170.25
2024-06-18,Smart Tv Bgh Google Tv 5023us6g Led 4k 50  110v - 240v C/c/c,$6563.30
2024-06-18,Smart Tv Uhd 4k 50  Bgh Google Tv B5023us6g,$11116.74
2024-06-18,Smart Tv Bgh Google Tv 5023us6g Led 4k 50,$10409.15
2024-06-18,Smart Tv 50 Pulgadas Bgh B5023us6g Fhd Google Tv,$15698.49
2024-06-18,Smart Tv Bgh Uhd Led 4k 50  B5023us6g Google Tv,$13056.46
2024-06-18,Smart Tv  Bgh Google Tv B5023us6g,$11570.01
2024-06-18,Smart Tv 4k Ultra Hd Bgh 50 Pulgadas Google Tv,$5960.26
2024-06-18,"Smart TV BGH B4322FS5A LED Android TV Full HD 43"" 220V",$18080.91
2024-06-18,Smart Tv Bgh 32'' Hd Control Por Voz Y Android Tv B3222s5a,$8594.44
2024-06-18,"Smart TV LED 55"" BGH B5522US6A Android",$19837.56
2024-06-18,Control Remoto Tv Led Lcd Smart Para Bgh Top House 623 Zuk,$9415.98
2024-06-18,Control Remoto Smart Tv Para Bgh B4322fs5a Feelnology Led,$7774.85
2024-06-18,Control Remoto Smart Tv Con Comando Voz Para Hisense Bgh,$12557.00
2024-06-18,Control Remoto B5022us6a Para Bgh Feelnology Smart Tv,$7434.49
2024-06-18,Control Remoto Tv Smart Led Para Bgh Kodak Datsun Irt Zuk,$8166.65
2024-06-18,Control Remoto / Original Smart Tv / Hisense/bgh/noblex/jvc,$5841.58
2024-06-17,"Smart TV BGH Google Tv 5023US6G LED 4K 50"" 110V - 240V",$5702.39
2024-06-17,Tv Led Bgh 50 B5023us6g Smartv Uhd 4k Googletv/hdmi/usb,$11711.03
2024-06-17,Smart Tv Bgh Google Tv 5023us6g Led 4k 50 New,$17098.69
2024-06-17,Smart Tv Bgh Google Tv 5023us6g Led 4k 50  110v - 240v,$8447.17
2024-06-17,Smart Tv Bgh Google Tv 5023us6g Led 4k 50  110v - 240v C/c/c,$6413.91
2024-06-17,Smart Tv Uhd 4k 50  Bgh Google Tv B5023us6g,$11749.50
2024-06-17,Smart Tv Bgh Google Tv 5023us6g Led 4k 50,$17158.80
2024-06-17,Smart Tv 50 Pulgadas Bgh B5023us6g Fhd Google Tv,$10432.15
2024-06-17,Smart Tv Bgh Uhd Led 4k 50  B5023us6g Google Tv,$7219.72
2024-06-17,Smart Tv  Bgh Google Tv B5023us6g,$15940.41
2024-06-17,Smart Tv 4k Ultra Hd Bgh 50 Pulgadas Google Tv,$13720.64
2024-06-17,"Smart TV BGH B4322FS5A LED Android TV Full HD 43"" 220V",$6688.68
2024-06-17,Smart Tv Bgh 32'' Hd Control Por Voz Y Android Tv B3222s5a,$5490.40
2024-06-17,"Smart TV LED 55"" BGH B5522US6A Android",$8759.26
2024-06-17,Control Remoto Tv Led Lcd Smart Para Bgh Top House 623 Zuk,$13816.46
2024-06-17,Control Remoto Smart Tv Para Bgh B4322fs5a Feelnology Led,$10942.64
2024-06-17,Control Remoto Smart Tv Con Comando Voz Para Hisense Bgh,$17572.75
2024-06-17,Control Remoto B5022us6a Para Bgh Feelnology Smart Tv,$13580.89
2024-06-17,Control Remoto Tv Smart Led Para Bgh Kodak Datsun Irt Zuk,$11355.90
2024-06-17,Control Remoto / Original Smart Tv / Hisense/bgh/noblex/jvc,$11805.76
2024-06-16,"Smart TV BGH Google Tv 5023US6G LED 4K 50"" 110V - 240V",$12101.71
2024-06-16,Tv Led Bgh 50 B5023us6g Smartv Uhd 4k Googletv/hdmi/usb,$12188.06
2024-06-16,Smart Tv Bgh Google Tv 5023us6g Led 4k 50 New,$12597.77
2024-06-16,Smart Tv Bgh Google Tv 5023us6g Led 4k 50  110v - 240v,$5663.53
2024-06-16,Smart Tv Bgh Google Tv 5023us6g Led 4k 50  110v - 240v C/c/c,$13110.73
2024-06-16,Smart Tv Uhd 4k 50  Bgh Google Tv B5023us6g,$17303.70
2024-06-16,Smart Tv Bgh Google Tv 5023us6g Led 4k 50,$10513.83
2024-06-16,Smart Tv 50 Pulgadas Bgh B5023us6g Fhd Google Tv,$5239.53
2024-06-16,Smart Tv Bgh Uhd Led 4k 50  B5023us6g Google Tv,$5055.64
2024-06-16,Smart Tv  Bgh Google Tv B5023us6g,$10271.53
2024-06-16,Smart Tv 4k Ultra Hd Bgh 50 Pulgadas Google Tv,$12720.54
2024-06-16,"Smart TV BGH B4322FS5A LED Android TV Full HD 43"" 220V",$11121.35
2024-06-16,Smart Tv Bgh 32'' Hd Control Por Voz Y Android Tv B3222s5a,$19967.49
2024-06-16,"Smart TV LED 55"" BGH B5522US6A Android",$10169.39
2024-06-16,Control Remoto Tv Led Lcd Smart Para Bgh Top House 623 Zuk,$5895.69
2024-06-16,Control Remoto Smart Tv Para Bgh B4322fs5a Feelnology Led,$17239.38
2024-06-16,Control Remoto Smart Tv Con Comando Voz Para Hisense Bgh,$9948.95
2024-06-16,Control Remoto B5022us6a Para Bgh Feelnology Smart Tv,$7692.78
2024-06-16,Control Remoto Tv Smart Led Para Bgh Kodak Datsun Irt Zuk,$12679.03
2024-06-16,Control Remoto / Original Smart Tv / Hisense/bgh/noblex/jvc,$5358.80
2024-06-15,"Smart TV BGH Google Tv 5023US6G LED 4K 50"" 110V - 240V",$15113.08
2024-06-15,Tv Led Bgh 50 B5023us6g Smartv Uhd 4k Googletv/hdmi/usb,$5416.58
2024-06-15,Smart Tv Bgh Google Tv 5023us6g Led 4k 50 New,$18036.87
2024-06-15,Smart Tv Bgh Google Tv 5023us6g Led 4k 50  110v - 240v,$13416.22
2024-06-15,Smart Tv Bgh Google Tv 5023us6g Led 4k 50  110v - 240v C/c/c,$6837.48
2024-06-15,Smart Tv Uhd 4k 50  Bgh Google Tv B5023us6g,$12789.58
2024-06-15,Smart Tv Bgh Google Tv 5023us6g Led 4k 50,$11783.87
2024-06-15,Smart Tv 50 Pulgadas Bgh B5023us6g Fhd Google Tv,$16858.69
2024-06-15,Smart Tv Bgh Uhd Led 4k 50  B5023us6g Google Tv,$18084.40
2024-06-15,Smart Tv  Bgh Google Tv B5023us6g,$9915.23
2024-06-15,Smart Tv 4k Ultra Hd Bgh 50 Pulgadas Google Tv,$13150.98
2024-06-15,"Smart TV BGH B4322FS5A LED Android TV Full HD 43"" 220V",$15595.89
2024-06-15,Smart Tv Bgh 32'' Hd Control Por Voz Y Android Tv B3222s5a,$17676.88
2024-06-15,"Smart TV LED 55"" BGH B5522US6A Android",$17065.92
2024-06-15,Control Remoto Tv Led Lcd Smart Para Bgh Top House 623 Zuk,$16994.10
2024-06-15,Control Remoto Smart Tv Para Bgh B4322fs5a Feelnology Led,$5304.33
2024-06-15,Control Remoto Smart Tv Con Comando Voz Para Hisense Bgh,$14578.03
2024-06-15,Control Remoto B5022us6a Para Bgh Feelnology Smart Tv,$15821.26
2024-06-15,Control Remoto Tv Smart Led Para Bgh Kodak Datsun Irt Zuk,$19940.88
2024-06-15,Control Remoto / Original Smart Tv / Hisense/bgh/noblex/jvc,$10298.96
2024-06-14,"Smart TV BGH Google Tv 5023US6G LED 4K 50"" 110V - 240V",$15014.80
2024-06-14,Tv Led Bgh 50 B5023us6g Smartv Uhd 4k Googletv/hdmi/usb,$7040.99
2024-06-14,Smart Tv Bgh Google Tv 5023us6g Led 4k 50 New,$9961.12
2024-06-14,Smart Tv Bgh Google Tv 5023us6g Led 4k 50  110v - 240v,$10033.15
2024-06-14,Smart Tv Bgh Google Tv 5023us6g Led 4k 50  110v - 240v C/c/c,$6469.23
2024-06-14,Smart Tv Uhd 4k 50  Bgh Google Tv B5023us6g,$6800.52
2024-06-14,Smart Tv Bgh Google Tv 5023us6g Led 4k 50,$10088.11
2024-06-14,Smart Tv 50 Pulgadas Bgh B5023us6g Fhd Google Tv,$8321.35
2024-06-14,Smart Tv Bgh Uhd Led 4k 50  B5023us6g Google Tv,$7875.55
2024-06-14,Smart Tv  Bgh Google Tv B5023us6g,$14390.10
2024-06-14,Smart Tv 4k Ultra Hd Bgh 50 Pulgadas Google Tv,$6931.30
2024-06-14,"Smart TV BGH B4322FS5A LED Android TV Full HD 43"" 220V",$16643.48
2024-06-14,Smart Tv Bgh 32'' Hd Control Por Voz Y Android Tv B3222s5a,$16024.44
2024-06-14,"Smart TV LED 55"" BGH B5522US6A Android",$5379.28
2024-06-14,Control Remoto Tv Led Lcd Smart Para Bgh Top House 623 Zuk,$8527.79
2024-06-14,Control Remoto Smart Tv Para Bgh B4322fs5a Feelnology Led,$8610.17
2024-06-14,Control Remoto Smart Tv Con Comando Voz Para Hisense Bgh,$12629.31
2024-06-14,Control Remoto B5022us6a Para Bgh Feelnology Smart Tv,$13134.86
2024-06-14,Control Remoto Tv Smart Led Para Bgh Kodak Datsun Irt Zuk,$14331.56
2024-06-14,Control Remoto / Original Smart Tv / Hisense/bgh/noblex/jvc,$10243.84
2024-06-13,"Smart TV BGH Google Tv 5023US6G LED 4K 50"" 110V - 240V",$19049.93
2024-06-13,Tv Led Bgh 50 B5023us6g Smartv Uhd 4k Googletv/hdmi/usb,$11321.75
2024-06-13,Smart Tv Bgh Google Tv 5023us6g Led 4k 50 New,$13556.52
2024-06-13,Smart Tv Bgh Google Tv 5023us6g Led 4k 50  110v - 240v,$11327.26
2024-06-13,Smart Tv Bgh Google Tv 5023us6g Led 4k 50  110v - 240v C/c/c,$12769.34
2024-06-13,Smart Tv Uhd 4k 50  Bgh Google Tv B5023us6g,$6502.24
2024-06-13,Smart Tv Bgh Google Tv 5023us6g Led 4k 50,$10582.76
2024-06-13,Smart Tv 50 Pulgadas Bgh B5023us6g Fhd Google Tv,$18648.33
2024-06-13,Smart Tv Bgh Uhd Led 4k 50  B5023us6g Google Tv,$14289.51
2024-06-13,Smart Tv  Bgh Google Tv B5023us6g,$12682.28
2024-06-13,Smart Tv 4k Ultra Hd Bgh 50 Pulgadas Google Tv,$17444.03
2024-06-13,"Smart TV BGH B4322FS5A LED Android TV Full HD 43"" 220V",$17268.93
2024-06-13,Smart Tv Bgh 32'' Hd Control Por Voz Y Android Tv B3222s5a,$19516.11
2024-06-13,"Smart TV LED 55"" BGH B5522US6A Android",$6823.52
2024-06-13,Control Remoto Tv Led Lcd Smart Para Bgh Top House 623 Zuk,$5600.97
2024-06-13,Control Remoto Smart Tv Para Bgh B4322fs5a Feelnology Led,$11393.04
2024-06-13,Control Remoto Smart Tv Con Comando Voz Para Hisense Bgh,$11761.26
2024-06-13,Control Remoto B5022us6a Para Bgh Feelnology Smart Tv,$19762.36
2024-06-13,Control Remoto Tv Smart Led Para Bgh Kodak Datsun Irt Zuk,$5621.58
2024-06-13,Control Remoto / Original Smart Tv / Hisense/bgh/noblex/jvc,$6046.94
2024-06-12,"Smart TV BGH Google Tv 5023US6G LED 4K 50"" 110V - 240V",$15678.01
2024-06-12,Tv Led Bgh 50 B5023us6g Smartv Uhd 4k Googletv/hdmi/usb,$14587.30
2024-06-12,Smart Tv Bgh Google Tv 5023us6g Led 4k 50 New,$9537.08
2024-06-12,Smart Tv Bgh Google Tv 5023us6g Led 4k 50  110v - 240v,$9974.05
2024-06-12,Smart Tv Bgh Google Tv 5023us6g Led 4k 50  110v - 240v C/c/c,$9055.67
2024-06-12,Smart Tv Uhd 4k 50  Bgh Google Tv B5023us6g,$7490.19
2024-06-12,Smart Tv Bgh Google Tv 5023us6g Led 4k 50,$14465.71
2024-06-12,Smart Tv 50 Pulgadas Bgh B5023us6g Fhd Google Tv,$19358.55
2024-06-12,Smart Tv Bgh Uhd Led 4k 50  B5023us6g Google Tv,$6320.77
2024-06-12,Smart Tv  Bgh Google Tv B5023us6g,$14479.20
2024-06-12,Smart Tv 4k Ultra Hd Bgh 50 Pulgadas Google Tv,$12227.79
2024-06-12,"Smart TV BGH B4322FS5A LED Android TV Full HD 43"" 220V",$10816.30
2024-06-12,Smart Tv Bgh 32'' Hd Control Por Voz Y Android Tv B3222s5a,$19310.85
2024-06-12,"Smart TV LED 55"" BGH B5522US6A Android",$9944.78
2024-06-12,Control Remoto Tv Led Lcd Smart Para Bgh Top House 623 Zuk,$5134.91
2024-06-12,Control Remoto Smart Tv Para Bgh B4322fs5a Feelnology Led,$11944.34
2024-06-12,Control Remoto Smart Tv Con Comando Voz Para Hisense Bgh,$17615.47
2024-06-12,Control Remoto B5022us6a Para Bgh Feelnology Smart Tv,$16530.93
2024-06-12,Control Remoto Tv Smart Led Para Bgh Kodak Datsun Irt Zuk,$9363.50
2024-06-12,Control Remoto / Original Smart Tv / Hisense/bgh/noblex/jvc,$7305.48
2024-06-11,"Smart TV BGH Google Tv 5023US6G LED 4K 50"" 110V - 240V",$16956.04
2024-06-11,Tv Led Bgh 50 B5023us6g Smartv Uhd 4k Googletv/hdmi/usb,$7308.03
2024-06-11,Smart Tv Bgh Google Tv 5023us6g Led 4k 50 New,$18803.46
2024-06-11,Smart Tv Bgh Google Tv 5023us6g Led 4k 50  110v - 240v,$15185.11
2024-06-11,Smart Tv Bgh Google Tv 5023us6g Led 4k 50  110v - 240v C/c/c,$7290.58
2024-06-11,Smart Tv Uhd 4k 50  Bgh Google Tv B5023us6g,$15814.34
2024-06-11,Smart Tv Bgh Google Tv 5023us6g Led 4k 50,$17190.46
2024-06-11,Smart Tv 50 Pulgadas Bgh B5023us6g Fhd Google Tv,$13003.52
2024-06-11,Smart Tv Bgh Uhd Led 4k 50  B5023us6g Google Tv,$18719.86
2024-06-11,Smart Tv  Bgh Google Tv B5023us6g,$9827.16
2024-06-11,Smart Tv 4k Ultra Hd Bgh 50 Pulgadas Google Tv,$13853.79
2024-06-11,"Smart TV BGH B4322FS5A LED Android TV Full HD 43"" 220V",$17016.02
2024-06-11,Smart Tv Bgh 32'' Hd Control Por Voz Y Android Tv B3222s5a,$12047.45
2024-06-11,"Smart TV LED 55"" BGH B5522US6A Android",$9218.77
2024-06-11,Control Remoto Tv Led Lcd Smart Para Bgh Top House 623 Zuk,$15142.17
2024-06-11,Control Remoto Smart Tv Para Bgh B4322fs5a Feelnology Led,$9668.46
2024-06-11,Control Remoto Smart Tv Con Comando Voz Para Hisense Bgh,$15863.82
2024-06-11,Control Remoto B5022us6a Para Bgh Feelnology Smart Tv,$13238.00
2024-06-11,Control Remoto Tv Smart Led Para Bgh Kodak Datsun Irt Zuk,$11522.49
2024-06-11,Control Remoto / Original Smart Tv / Hisense/bgh/noblex/jvc,$8530.85
2024-06-10,"Smart TV BGH Google Tv 5023US6G LED 4K 50"" 110V - 240V",$6330.41
2024-06-10,Tv Led Bgh 50 B5023us6g Smartv Uhd 4k Googletv/hdmi/usb,$18967.87
2024-06-10,Smart Tv Bgh Google Tv 5023us6g Led 4k 50 New,$7190.44
2024-06-10,Smart Tv Bgh Google Tv 5023us6g Led 4k 50  110v - 240v,$18040.30
2024-06-10,Smart Tv Bgh Google Tv 5023us6g Led 4k 50  110v - 240v C/c/c,$14535.39
2024-06-10,Smart Tv Uhd 4k 50  Bgh Google Tv B5023us6g,$9160.16
2024-06-10,Smart Tv Bgh Google Tv 5023us6g Led 4k 50,$6466.92
2024-06-10,Smart Tv 50 Pulgadas Bgh B5023us6g Fhd Google Tv,$16877.27
2024-06-10,Smart Tv Bgh Uhd Led 4k 50  B5023us6g Google Tv,$13300.69
2024-06-10,Smart Tv  Bgh Google Tv B5023us6g,$12443.10
2024-06-10,Smart Tv 4k Ultra Hd Bgh 50 Pulgadas Google Tv,$14139.73
2024-06-10,"Smart TV BGH B4322FS5A LED Android TV Full HD 43"" 220V",$10510.10
2024-06-10,Smart Tv Bgh 32'' Hd Control Por Voz Y Android Tv B3222s5a,$13682.72
2024-06-10,"Smart TV LED 55"" BGH B5522US6A Android",$11900.25
2024-06-10,Control Remoto Tv Led Lcd Smart Para Bgh Top House 623 Zuk,$10267.84
2024-06-10,Control Remoto Smart Tv Para Bgh B4322fs5a Feelnology Led,$8164.26
2024-06-10,Control Remoto Smart Tv Con Comando Voz Para Hisense Bgh,$19622.77
2024-06-10,Control Remoto B5022us6a Para Bgh Feelnology Smart Tv,$12174.61
2024-06-10,Control Remoto Tv Smart Led Para Bgh Kodak Datsun Irt Zuk,$5622.92
2024-06-10,Control Remoto / Original Smart Tv / Hisense/bgh/noblex/jvc,$5782.85
2024-06-09,"Smart TV BGH Google Tv 5023US6G LED 4K 50"" 110V - 240V",$11735.20
2024-06-09,Tv Led Bgh 50 B5023us6g Smartv Uhd 4k Googletv/hdmi/usb,$10922.48
2024-06-09,Smart Tv Bgh Google Tv 5023us6g Led 4k 50 New,$12399.32
2024-06-09,Smart Tv Bgh Google Tv 5023us6g Led 4k 50  110v - 240v,$17354.93
2024-06-09,Smart Tv Bgh Google Tv 5023us6g Led 4k 50  110v - 240v C/c/c,$6850.84
2024-06-09,Smart Tv Uhd 4k 50  Bgh Google Tv B5023us6g,$6220.01
2024-06-09,Smart Tv Bgh Google Tv 5023us6g Led 4k 50,$15325.30
2024-06-09,Smart Tv 50 Pulgadas Bgh B5023us6g Fhd Google Tv,$19699.81
2024-06-09,Smart Tv Bgh Uhd Led 4k 50  B5023us6g Google Tv,$13169.39
2024-06-09,Smart Tv  Bgh Google Tv B5023us6g,$17808.72
2024-06-09,Smart Tv 4k Ultra Hd Bgh 50 Pulgadas Google Tv,$5461.88
2024-06-09,"Smart TV BGH B4322FS5A LED Android TV Full HD 43"" 220V",$13603.70
2024-06-09,Smart Tv Bgh 32'' Hd Control Por Voz Y Android Tv B3222s5a,$7826.01
2024-06-09,"Smart TV LED 55"" BGH B5522US6A Android",$17682.98
2024-06-09,Control Remoto Tv Led Lcd Smart Para Bgh Top House 623 Zuk,$18773.81
2024-06-09,Control Remoto Smart Tv Para Bgh B4322fs5a Feelnology Led,$6163.38
2024-06-09,Control Remoto Smart Tv Con Comando Voz Para Hisense Bgh,$5782.28
2024-06-09,Control Remoto B5022us6a Para Bgh Feelnology Smart Tv,$12568.51
2024-06-09,Control Remoto Tv Smart Led Para Bgh Kodak Datsun Irt Zuk,$9612.14
2024-06-09,Control Remoto / Original Smart Tv / Hisense/bgh/noblex/jvc,$5965.41
2024-06-23,"Smart TV BGH Google Tv 5023US6G LED 4K 50"" 110V - 240V",$7363.19
2024-06-23,Tv Led Bgh 50 B5023us6g Smartv Uhd 4k Googletv/hdmi/usb,$6512.56
2024-06-23,Smart Tv Bgh Google Tv 5023us6g Led 4k 50 New,$16839.86
2024-06-23,Smart Tv Bgh Google Tv 5023us6g Led 4k 50  110v - 240v,$6424.13
2024-06-23,Smart Tv Bgh Google Tv 5023us6g Led 4k 50  110v - 240v C/c/c,$15730.14
2024-06-23,Smart Tv Uhd 4k 50  Bgh Google Tv B5023us6g,$6399.33
2024-06-23,Smart Tv Bgh Google Tv 5023us6g Led 4k 50,$11525.03
2024-06-23,Smart Tv 50 Pulgadas Bgh B5023us6g Fhd Google Tv,$6498.45
2024-06-23,Smart Tv Bgh Uhd Led 4k 50  B5023us6g Google Tv,$19267.04
2024-06-23,Smart Tv  Bgh Google Tv B5023us6g,$18586.17
2024-06-23,Smart Tv 4k Ultra Hd Bgh 50 Pulgadas Google Tv,$11456.56
2024-06-23,"Smart TV BGH B4322FS5A LED Android TV Full HD 43"" 220V",$15139.03
2024-06-23,Smart Tv Bgh 32'' Hd Control Por Voz Y Android Tv B3222s5a,$9572.60
2024-06-23,"Smart TV LED 55"" BGH B5522US6A Android",$16404.43
2024-06-23,Control Remoto Tv Led Lcd Smart Para Bgh Top House 623 Zuk,$19948.84
2024-06-23,Control Remoto Smart Tv Para Bgh B4322fs5a Feelnology Led,$13027.73
2024-06-23,Control Remoto Smart Tv Con Comando Voz Para Hisense Bgh,$18123.89
2024-06-23,Control Remoto B5022us6a Para Bgh Feelnology Smart Tv,$7527.50
2024-06-23,Control Remoto Tv Smart Led Para Bgh Kodak Datsun Irt Zuk,$6236.16
2024-06-23,Control Remoto / Original Smart Tv / Hisense/bgh/noblex/jvc,$6049.49
2024-06-22,"Smart TV BGH Google Tv 5023US6G LED 4K 50"" 110V - 240V",$18182.51
2024-06-22,Tv Led Bgh 50 B5023us6g Smartv Uhd 4k Googletv/hdmi/usb,$9775.85
2024-06-22,Smart Tv Bgh Google Tv 5023us6g Led 4k 50 New,$8786.25
2024-06-22,Smart Tv Bgh Google Tv 5023us6g Led 4k 50  110v - 240v,$11256.19
2024-06-22,Smart Tv Bgh Google Tv 5023us6g Led 4k 50  110v - 240v C/c/c,$16075.95
2024-06-22,Smart Tv Uhd 4k 50  Bgh Google Tv B5023us6g,$5704.69
2024-06-22,Smart Tv Bgh Google Tv 5023us6g Led 4k 50,$5934.80
2024-06-22,Smart Tv 50 Pulgadas Bgh B5023us6g Fhd Google Tv,$17585.02
2024-06-22,Smart Tv Bgh Uhd Led 4k 50  B5023us6g Google Tv,$9077.36
2024-06-22,Smart Tv  Bgh Google Tv B5023us6g,$9870.97
2024-06-22,Smart Tv 4k Ultra Hd Bgh 50 Pulgadas Google Tv,$18151.64
2024-06-22,"Smart TV BGH B4322FS5A LED Android TV Full HD 43"" 220V",$13350.07
2024-06-22,Smart Tv Bgh 32'' Hd Control Por Voz Y Android Tv B3222s5a,$17335.35
2024-06-22,"Smart TV LED 55"" BGH B5522US6A Android",$8689.31
2024-06-22,Control Remoto Tv Led Lcd Smart Para Bgh Top House 623 Zuk,$10576.30
2024-06-22,Control Remoto Smart Tv Para Bgh B4322fs5a Feelnology Led,$19482.91
2024-06-22,Control Remoto Smart Tv Con Comando Voz Para Hisense Bgh,$6833.75
2024-06-22,Control Remoto B5022us6a Para Bgh Feelnology Smart Tv,$12763.97
2024-06-22,Control Remoto Tv Smart Led Para Bgh Kodak Datsun Irt Zuk,$12952.25
2024-06-22,Control Remoto / Original Smart Tv / Hisense/bgh/noblex/jvc,$12166.94
2024-06-21,"Smart TV BGH Google Tv 5023US6G LED 4K 50"" 110V - 240V",$18504.70
2024-06-21,Tv Led Bgh 50 B5023us6g Smartv Uhd 4k Googletv/hdmi/usb,$14487.32
2024-06-21,Smart Tv Bgh Google Tv 5023us6g Led 4k 50 New,$5156.73
2024-06-21,Smart Tv Bgh Google Tv 5023us6g Led 4k 50  110v - 240v,$15351.73
2024-06-21,Smart Tv Bgh Google Tv 5023us6g Led 4k 50  110v - 240v C/c/c,$5368.23
2024-06-21,Smart Tv Uhd 4k 50  Bgh Google Tv B5023us6g,$17180.69
2024-06-21,Smart Tv Bgh Google Tv 5023us6g Led 4k 50,$18309.26
2024-06-21,Smart Tv 50 Pulgadas Bgh B5023us6g Fhd Google Tv,$11509.08
2024-06-21,Smart Tv Bgh Uhd Led 4k 50  B5023us6g Google Tv,$19367.35
2024-06-21,Smart Tv  Bgh Google Tv B5023us6g,$12613.97
2024-06-21,Smart Tv 4k Ultra Hd Bgh 50 Pulgadas Google Tv,$13027.71
2024-06-21,"Smart TV BGH B4322FS5A LED Android TV Full HD 43"" 220V",$14353.53
2024-06-21,Smart Tv Bgh 32'' Hd Control Por Voz Y Android Tv B3222s5a,$15930.25
2024-06-21,"Smart TV LED 55"" BGH B5522US6A Android",$5531.05
2024-06-21,Control Remoto Tv Led Lcd Smart Para Bgh Top House 623 Zuk,$18613.76
2024-06-21,Control Remoto Smart Tv Para Bgh B4322fs5a Feelnology Led,$15684.87
2024-06-21,Control Remoto Smart Tv Con Comando Voz Para Hisense Bgh,$7126.53
2024-06-21,Control Remoto B5022us6a Para Bgh Feelnology Smart Tv,$14703.81
2024-06-21,Control Remoto Tv Smart Led Para Bgh Kodak Datsun Irt Zuk,$7278.79
2024-06-21,Control Remoto / Original Smart Tv / Hisense/bgh/noblex/jvc,$10514.19
2024-06-20,"Smart TV BGH Google Tv 5023US6G LED 4K 50"" 110V - 240V",$17716.14
2024-06-20,Tv Led Bgh 50 B5023us6g Smartv Uhd 4k Googletv/hdmi/usb,$13780.09
2024-06-20,Smart Tv Bgh Google Tv 5023us6g Led 4k 50 New,$19979.16
2024-06-20,Smart Tv Bgh Google Tv 5023us6g Led 4k 50  110v - 240v,$12370.73
2024-06-20,Smart Tv Bgh Google Tv 5023us6g Led 4k 50  110v - 240v C/c/c,$8281.77
2024-06-20,Smart Tv Uhd 4k 50  Bgh Google Tv B5023us6g,$8365.25
2024-06-20,Smart Tv Bgh Google Tv 5023us6g Led 4k 50,$18188.62
2024-06-20,Smart Tv 50 Pulgadas Bgh B5023us6g Fhd Google Tv,$12533.66
2024-06-20,Smart Tv Bgh Uhd Led 4k 50  B5023us6g Google Tv,$8987.89
2024-06-20,Smart Tv  Bgh Google Tv B5023us6g,$13224.30
2024-06-20,Smart Tv 4k Ultra Hd Bgh 50 Pulgadas Google Tv,$12599.21
2024-06-20,"Smart TV BGH B4322FS5A LED Android TV Full HD 43"" 220V",$6903.21
2024-06-20,Smart Tv Bgh 32'' Hd Control Por Voz Y Android Tv B3222s5a,$9891.90
2024-06-20,"Smart TV LED 55"" BGH B5522US6A Android",$13098.26
2024-06-20,Control Remoto Tv Led Lcd Smart Para Bgh Top House 623 Zuk,$19537.93
2024-06-20,Control Remoto Smart Tv Para Bgh B4322fs5a Feelnology Led,$10391.96
2024-06-20,Control Remoto Smart Tv Con Comando Voz Para Hisense Bgh,$18402.57
2024-06-20,Control Remoto B5022us6a Para Bgh Feelnology Smart Tv,$11289.75
2024-06-20,Control Remoto Tv Smart Led Para Bgh Kodak Datsun Irt Zuk,$14876.09
2024-06-20,Control Remoto / Original Smart Tv / Hisense/bgh/noblex/jvc,$17867.64
2024-06-19,"Smart TV BGH Google Tv 5023US6G LED 4K 50"" 110V - 240V",$5329.53
2024-06-19,Tv Led Bgh 50 B5023us6g Smartv Uhd 4k Googletv/hdmi/usb,$5370.01
2024-06-19,Smart Tv Bgh Google Tv 5023us6g Led 4k 50 New,$19369.82
2024-06-19,Smart Tv Bgh Google Tv 5023us6g Led 4k 50  110v - 240v,$6724.38
2024-06-19,Smart Tv Bgh Google Tv 5023us6g Led 4k 50  110v - 240v C/c/c,$8398.77
2024-06-19,Smart Tv Uhd 4k 50  Bgh Google Tv B5023us6g,$16050.19
2024-06-19,Smart Tv Bgh Google Tv 5023us6g Led 4k 50,$14169.22
2024-06-19,Smart Tv 50 Pulgadas Bgh B5023us6g Fhd Google Tv,$15216.61
2024-06-19,Smart Tv Bgh Uhd Led 4k 50  B5023us6g Google Tv,$10716.23
2024-06-19,Smart Tv  Bgh Google Tv B5023us6g,$5325.92
2024-06-19,Smart Tv 4k Ultra Hd Bgh 50 Pulgadas Google Tv,$16756.49
2024-06-19,"Smart TV BGH B4322FS5A LED Android TV Full HD 43"" 220V",$8153.92
2024-06-19,Smart Tv Bgh 32'' Hd Control Por Voz Y Android Tv B3222s5a,$19482.87
2024-06-19,"Smart TV LED 55"" BGH B5522US6A Android",$13078.90
2024-06-19,Control Remoto Tv Led Lcd Smart Para Bgh Top House 623 Zuk,$8344.02
2024-06-19,Control Remoto Smart Tv Para Bgh B4322fs5a Feelnology Led,$8531.22
2024-06-19,Control Remoto Smart Tv Con Comando Voz Para Hisense Bgh,$10998.60
2024-06-19,Control Remoto B5022us6a Para Bgh Feelnology Smart Tv,$19803.95
2024-06-19,Control Remoto Tv Smart Led Para Bgh Kodak Datsun Irt Zuk,$12759.64
2024-06-19,Control Remoto / Original Smart Tv / Hisense/bgh/noblex/jvc,$16413.09
2024-06-18,"Smart TV BGH Google Tv 5023US6G LED 4K 50"" 110V - 240V",$12090.10
2024-06-18,Tv Led Bgh 50 B5023us6g Smartv Uhd 4k Googletv/hdmi/usb,$16028.72
2024-06-18,Smart Tv Bgh Google Tv 5023us6g Led 4k 50 New,$18518.34
2024-06-18,Smart Tv Bgh Google Tv 5023us6g Led 4k 50  110v - 240v,$5469.94
2024-06-18,Smart Tv Bgh Google Tv 5023us6g Led 4k 50  110v - 240v C/c/c,$5139.23
2024-06-18,Smart Tv Uhd 4k 50  Bgh Google Tv B5023us6g,$6578.56
2024-06-18,Smart Tv Bgh Google Tv 5023us6g Led 4k 50,$18594.41
2024-06-18,Smart Tv 50 Pulgadas Bgh B5023us6g Fhd Google Tv,$10836.52
2024-06-18,Smart Tv Bgh Uhd Led 4k 50  B5023us6g Google Tv,$16371.81
2024-06-18,Smart Tv  Bgh Google Tv B5023us6g,$16610.05
2024-06-18,Smart Tv 4k Ultra Hd Bgh 50 Pulgadas Google Tv,$9064.90
2024-06-18,"Smart TV BGH B4322FS5A LED Android TV Full HD 43"" 220V",$18124.51
2024-06-18,Smart Tv Bgh 32'' Hd Control Por Voz Y Android Tv B3222s5a,$9965.19
2024-06-18,"Smart TV LED 55"" BGH B5522US6A Android",$5351.56
2024-06-18,Control Remoto Tv Led Lcd Smart Para Bgh Top House 623 Zuk,$15971.57
2024-06-18,Control Remoto Smart Tv Para Bgh B4322fs5a Feelnology Led,$10181.10
2024-06-18,Control Remoto Smart Tv Con Comando Voz Para Hisense Bgh,$8005.18
2024-06-18,Control Remoto B5022us6a Para Bgh Feelnology Smart Tv,$8625.24
2024-06-18,Control Remoto Tv Smart Led Para Bgh Kodak Datsun Irt Zuk,$14501.55
2024-06-18,Control Remoto / Original Smart Tv / Hisense/bgh/noblex/jvc,$18975.25
2024-06-17,"Smart TV BGH Google Tv 5023US6G LED 4K 50"" 110V - 240V",$13571.06
2024-06-17,Tv Led Bgh 50 B5023us6g Smartv Uhd 4k Googletv/hdmi/usb,$6070.16
2024-06-17,Smart Tv Bgh Google Tv 5023us6g Led 4k 50 New,$16886.63
2024-06-17,Smart Tv Bgh Google Tv 5023us6g Led 4k 50  110v - 240v,$10938.02
2024-06-17,Smart Tv Bgh Google Tv 5023us6g Led 4k 50  110v - 240v C/c/c,$17006.88
2024-06-17,Smart Tv Uhd 4k 50  Bgh Google Tv B5023us6g,$10040.58
2024-06-17,Smart Tv Bgh Google Tv 5023us6g Led 4k 50,$14404.50
2024-06-17,Smart Tv 50 Pulgadas Bgh B5023us6g Fhd Google Tv,$5109.48
2024-06-17,Smart Tv Bgh Uhd Led 4k 50  B5023us6g Google Tv,$7492.15
2024-06-17,Smart Tv  Bgh Google Tv B5023us6g,$8830.45
2024-06-17,Smart Tv 4k Ultra Hd Bgh 50 Pulgadas Google Tv,$14977.39
2024-06-17,"Smart TV BGH B4322FS5A LED Android TV Full HD 43"" 220V",$5762.88
2024-06-17,Smart Tv Bgh 32'' Hd Control Por Voz Y Android Tv B3222s5a,$18823.87
2024-06-17,"Smart TV LED 55"" BGH B5522US6A Android",$11583.22
2024-06-17,Control Remoto Tv Led Lcd Smart Para Bgh Top House 623 Zuk,$9323.62
2024-06-17,Control Remoto Smart Tv Para Bgh B4322fs5a Feelnology Led,$11927.66
2024-06-17,Control Remoto Smart Tv Con Comando Voz Para Hisense Bgh,$17528.78
2024-06-17,Control Remoto B5022us6a Para Bgh Feelnology Smart Tv,$18065.34
2024-06-17,Control Remoto Tv Smart Led Para Bgh Kodak Datsun Irt Zuk,$18356.51
2024-06-17,Control Remoto / Original Smart Tv / Hisense/bgh/noblex/jvc,$9331.62
2024-06-16,"Smart TV BGH Google Tv 5023US6G LED 4K 50"" 110V - 240V",$18342.74
2024-06-16,Tv Led Bgh 50 B5023us6g Smartv Uhd 4k Googletv/hdmi/usb,$17180.74
2024-06-16,Smart Tv Bgh Google Tv 5023us6g Led 4k 50 New,$9502.13
2024-06-16,Smart Tv Bgh Google Tv 5023us6g Led 4k 50  110v - 240v,$9913.36
2024-06-16,Smart Tv Bgh Google Tv 5023us6g Led 4k 50  110v - 240v C/c/c,$19060.51
2024-06-16,Smart Tv Uhd 4k 50  Bgh Google Tv B5023us6g,$7560.44
2024-06-16,Smart Tv Bgh Google Tv 5023us6g Led 4k 50,$7857.29
2024-06-16,Smart Tv 50 Pulgadas Bgh B5023us6g Fhd Google Tv,$6975.66
2024-06-16,Smart Tv Bgh Uhd Led 4k 50  B5023us6g Google Tv,$6948.22
2024-06-16,Smart Tv  Bgh Google Tv B5023us6g,$7986.05
2024-06-16,Smart Tv 4k Ultra Hd Bgh 50 Pulgadas Google Tv,$11361.01
2024-06-16,"Smart TV BGH B4322FS5A LED Android TV Full HD 43"" 220V",$11866.27
2024-06-16,Smart Tv Bgh 32'' Hd Control Por Voz Y Android Tv B3222s5a,$19171.53
2024-06-16,"Smart TV LED 55"" BGH B5522US6A Android",$13729.53
2024-06-16,Control Remoto Tv Led Lcd Smart Para Bgh Top House 623 Zuk,$17825.91
2024-06-16,Control Remoto Smart Tv Para Bgh B4322fs5a Feelnology Led,$10973.07
2024-06-16,Control Remoto Smart Tv Con Comando Voz Para Hisense Bgh,$9287.11
2024-06-16,Control Remoto B5022us6a Para Bgh Feelnology Smart Tv,$9498.66
2024-06-16,Control Remoto Tv Smart Led Para Bgh Kodak Datsun Irt Zuk,$18215.08
2024-06-16,Control Remoto / Original Smart Tv / Hisense/bgh/noblex/jvc,$12112.89
2024-06-15,"Smart TV BGH Google Tv 5023US6G LED 4K 50"" 110V - 240V",$12628.63
2024-06-15,Tv Led Bgh 50 B5023us6g Smartv Uhd 4k Googletv/hdmi/usb,$19548.96
2024-06-15,Smart Tv Bgh Google Tv 5023us6g Led 4k 50 New,$5270.06
2024-06-15,Smart Tv Bgh Google Tv 5023us6g Led 4k 50  110v - 240v,$13844.35
2024-06-15,Smart Tv Bgh Google Tv 5023us6g Led 4k 50  110v - 240v C/c/c,$19194.32
2024-06-15,Smart Tv Uhd 4k 50  Bgh Google Tv B5023us6g,$16003.13
2024-06-15,Smart Tv Bgh Google Tv 5023us6g Led 4k 50,$5217.11
2024-06-15,Smart Tv 50 Pulgadas Bgh B5023us6g Fhd Google Tv,$17986.69
2024-06-15,Smart Tv Bgh Uhd Led 4k 50  B5023us6g Google Tv,$6765.50
2024-06-15,Smart Tv  Bgh Google Tv B5023us6g,$14063.30
2024-06-15,Smart Tv 4k Ultra Hd Bgh 50 Pulgadas Google Tv,$14954.73
2024-06-15,"Smart TV BGH B4322FS5A LED Android TV Full HD 43"" 220V",$14095.58
2024-06-15,Smart Tv Bgh 32'' Hd Control Por Voz Y Android Tv B3222s5a,$10467.72
2024-06-15,"Smart TV LED 55"" BGH B5522US6A Android",$12193.30
2024-06-15,Control Remoto Tv Led Lcd Smart Para Bgh Top House 623 Zuk,$7916.51
2024-06-15,Control Remoto Smart Tv Para Bgh B4322fs5a Feelnology Led,$12069.12
2024-06-15,Control Remoto Smart Tv Con Comando Voz Para Hisense Bgh,$7244.49
2024-06-15,Control Remoto B5022us6a Para Bgh Feelnology Smart Tv,$8369.38
2024-06-15,Control Remoto Tv Smart Led Para Bgh Kodak Datsun Irt Zuk,$14933.45
2024-06-15,Control Remoto / Original Smart Tv / Hisense/bgh/noblex/jvc,$5376.83
2024-06-14,"Smart TV BGH Google Tv 5023US6G LED 4K 50"" 110V - 240V",$17918.28
2024-06-14,Tv Led Bgh 50 B5023us6g Smartv Uhd 4k Googletv/hdmi/usb,$16589.55
2024-06-14,Smart Tv Bgh Google Tv 5023us6g Led 4k 50 New,$17278.55
2024-06-14,Smart Tv Bgh Google Tv 5023us6g Led 4k 50  110v - 240v,$6362.04
2024-06-14,Smart Tv Bgh Google Tv 5023us6g Led 4k 50  110v - 240v C/c/c,$18505.52
2024-06-14,Smart Tv Uhd 4k 50  Bgh Google Tv B5023us6g,$9186.16
2024-06-14,Smart Tv Bgh Google Tv 5023us6g Led 4k 50,$10281.73
2024-06-14,Smart Tv 50 Pulgadas Bgh B5023us6g Fhd Google Tv,$17390.98
2024-06-14,Smart Tv Bgh Uhd Led 4k 50  B5023us6g Google Tv,$18870.91
2024-06-14,Smart Tv  Bgh Google Tv B5023us6g,$16711.26
2024-06-14,Smart Tv 4k Ultra Hd Bgh 50 Pulgadas Google Tv,$18297.82
2024-06-14,"Smart TV BGH B4322FS5A LED Android TV Full HD 43"" 220V",$9565.57
2024-06-14,Smart Tv Bgh 32'' Hd Control Por Voz Y Android Tv B3222s5a,$15114.55
2024-06-14,"Smart TV LED 55"" BGH B5522US6A Android",$18542.79
2024-06-14,Control Remoto Tv Led Lcd Smart Para Bgh Top House 623 Zuk,$10087.23
2024-06-14,Control Remoto Smart Tv Para Bgh B4322fs5a Feelnology Led,$9634.58
2024-06-14,Control Remoto Smart Tv Con Comando Voz Para Hisense Bgh,$13497.92
2024-06-14,Control Remoto B5022us6a Para Bgh Feelnology Smart Tv,$8866.50
2024-06-14,Control Remoto Tv Smart Led Para Bgh Kodak Datsun Irt Zuk,$17415.68
2024-06-14,Control Remoto / Original Smart Tv / Hisense/bgh/noblex/jvc,$10591.68
2024-06-13,"Smart TV BGH Google Tv 5023US6G LED 4K 50"" 110V - 240V",$11714.07
2024-06-13,Tv Led Bgh 50 B5023us6g Smartv Uhd 4k Googletv/hdmi/usb,$18638.45
2024-06-13,Smart Tv Bgh Google Tv 5023us6g Led 4k 50 New,$5044.41
2024-06-13,Smart Tv Bgh Google Tv 5023us6g Led 4k 50  110v - 240v,$16990.26
2024-06-13,Smart Tv Bgh Google Tv 5023us6g Led 4k 50  110v - 240v C/c/c,$17013.89
2024-06-13,Smart Tv Uhd 4k 50  Bgh Google Tv B5023us6g,$7018.04
2024-06-13,Smart Tv Bgh Google Tv 5023us6g Led 4k 50,$6204.10
2024-06-13,Smart Tv 50 Pulgadas Bgh B5023us6g Fhd Google Tv,$14447.26
2024-06-13,Smart Tv Bgh Uhd Led 4k 50  B5023us6g Google Tv,$9123.34
2024-06-13,Smart Tv  Bgh Google Tv B5023us6g,$12859.05
2024-06-13,Smart Tv 4k Ultra Hd Bgh 50 Pulgadas Google Tv,$6656.08
2024-06-13,"Smart TV BGH B4322FS5A LED Android TV Full HD 43"" 220V",$15089.76
2024-06-13,Smart Tv Bgh 32'' Hd Control Por Voz Y Android Tv B3222s5a,$17712.43
2024-06-13,"Smart TV LED 55"" BGH B5522US6A Android",$18336.09
2024-06-13,Control Remoto Tv Led Lcd Smart Para Bgh Top House 623 Zuk,$5626.77
2024-06-13,Control Remoto Smart Tv Para Bgh B4322fs5a Feelnology Led,$19184.95
2024-06-13,Control Remoto Smart Tv Con Comando Voz Para Hisense Bgh,$13063.02
2024-06-13,Control Remoto B5022us6a Para Bgh Feelnology Smart Tv,$16780.87
2024-06-13,Control Remoto Tv Smart Led Para Bgh Kodak Datsun Irt Zuk,$5263.27
2024-06-13,Control Remoto / Original Smart Tv / Hisense/bgh/noblex/jvc,$15675.20
2024-06-12,"Smart TV BGH Google Tv 5023US6G LED 4K 50"" 110V - 240V",$15428.87
2024-06-12,Tv Led Bgh 50 B5023us6g Smartv Uhd 4k Googletv/hdmi/usb,$14156.94
2024-06-12,Smart Tv Bgh Google Tv 5023us6g Led 4k 50 New,$8913.78
2024-06-12,Smart Tv Bgh Google Tv 5023us6g Led 4k 50  110v - 240v,$15758.07
2024-06-12,Smart Tv Bgh Google Tv 5023us6g Led 4k 50  110v - 240v C/c/c,$13284.90
2024-06-12,Smart Tv Uhd 4k 50  Bgh Google Tv B5023us6g,$16301.48
2024-06-12,Smart Tv Bgh Google Tv 5023us6g Led 4k 50,$17519.54
2024-06-12,Smart Tv 50 Pulgadas Bgh B5023us6g Fhd Google Tv,$14698.09
2024-06-12,Smart Tv Bgh Uhd Led 4k 50  B5023us6g Google Tv,$15908.51
2024-06-12,Smart Tv  Bgh Google Tv B5023us6g,$14467.48
2024-06-12,Smart Tv 4k Ultra Hd Bgh 50 Pulgadas Google Tv,$7997.62
2024-06-12,"Smart TV BGH B4322FS5A LED Android TV Full HD 43"" 220V",$14952.65
2024-06-12,Smart Tv Bgh 32'' Hd Control Por Voz Y Android Tv B3222s5a,$16141.44
2024-06-12,"Smart TV LED 55"" BGH B5522US6A Android",$7045.62
2024-06-12,Control Remoto Tv Led Lcd Smart Para Bgh Top House 623 Zuk,$12989.09
2024-06-12,Control Remoto Smart Tv Para Bgh B4322fs5a Feelnology Led,$16381.35
2024-06-12,Control Remoto Smart Tv Con Comando Voz Para Hisense Bgh,$9904.99
2024-06-12,Control Remoto B5022us6a Para Bgh Feelnology Smart Tv,$7921.31
2024-06-12,Control Remoto Tv Smart Led Para Bgh Kodak Datsun Irt Zuk,$8914.20
2024-06-12,Control Remoto / Original Smart Tv / Hisense/bgh/noblex/jvc,$18268.97
2024-06-11,"Smart TV BGH Google Tv 5023US6G LED 4K 50"" 110V - 240V",$13393.32
2024-06-11,Tv Led Bgh 50 B5023us6g Smartv Uhd 4k Googletv/hdmi/usb,$17018.03
2024-06-11,Smart Tv Bgh Google Tv 5023us6g Led 4k 50 New,$16665.94
2024-06-11,Smart Tv Bgh Google Tv 5023us6g Led 4k 50  110v - 240v,$7697.22
2024-06-11,Smart Tv Bgh Google Tv 5023us6g Led 4k 50  110v - 240v C/c/c,$19310.45
2024-06-11,Smart Tv Uhd 4k 50  Bgh Google Tv B5023us6g,$8983.16
2024-06-11,Smart Tv Bgh Google Tv 5023us6g Led 4k 50,$6433.24
2024-06-11,Smart Tv 50 Pulgadas Bgh B5023us6g Fhd Google Tv,$16769.98
2024-06-11,Smart Tv Bgh Uhd Led 4k 50  B5023us6g Google Tv,$13836.92
2024-06-11,Smart Tv  Bgh Google Tv B5023us6g,$18100.65
2024-06-11,Smart Tv 4k Ultra Hd Bgh 50 Pulgadas Google Tv,$13394.91
2024-06-11,"Smart TV BGH B4322FS5A LED Android TV Full HD 43"" 220V",$15935.61
2024-06-11,Smart Tv Bgh 32'' Hd Control Por Voz Y Android Tv B3222s5a,$10963.58
2024-06-11,"Smart TV LED 55"" BGH B5522US6A Android",$14018.66
2024-06-11,Control Remoto Tv Led Lcd Smart Para Bgh Top House 623 Zuk,$6864.64
2024-06-11,Control Remoto Smart Tv Para Bgh B4322fs5a Feelnology Led,$5580.66
2024-06-11,Control Remoto Smart Tv Con Comando Voz Para Hisense Bgh,$13227.42
2024-06-11,Control Remoto B5022us6a Para Bgh Feelnology Smart Tv,$8189.43
2024-06-11,Control Remoto Tv Smart Led Para Bgh Kodak Datsun Irt Zuk,$8446.96
2024-06-11,Control Remoto / Original Smart Tv / Hisense/bgh/noblex/jvc,$5944.49
2024-06-10,"Smart TV BGH Google Tv 5023US6G LED 4K 50"" 110V - 240V",$5183.70
2024-06-10,Tv Led Bgh 50 B5023us6g Smartv Uhd 4k Googletv/hdmi/usb,$13398.77
2024-06-10,Smart Tv Bgh Google Tv 5023us6g Led 4k 50 New,$8934.50
2024-06-10,Smart Tv Bgh Google Tv 5023us6g Led 4k 50  110v - 240v,$19121.80
2024-06-10,Smart Tv Bgh Google Tv 5023us6g Led 4k 50  110v - 240v C/c/c,$18164.43
2024-06-10,Smart Tv Uhd 4k 50  Bgh Google Tv B5023us6g,$8192.80
2024-06-10,Smart Tv Bgh Google Tv 5023us6g Led 4k 50,$19696.92
2024-06-10,Smart Tv 50 Pulgadas Bgh B5023us6g Fhd Google Tv,$16751.62
2024-06-10,Smart Tv Bgh Uhd Led 4k 50  B5023us6g Google Tv,$9493.61
2024-06-10,Smart Tv  Bgh Google Tv B5023us6g,$5960.29
2024-06-10,Smart Tv 4k Ultra Hd Bgh 50 Pulgadas Google Tv,$17890.37
2024-06-10,"Smart TV BGH B4322FS5A LED Android TV Full HD 43"" 220V",$8087.45
2024-06-10,Smart Tv Bgh 32'' Hd Control Por Voz Y Android Tv B3222s5a,$12707.78
2024-06-10,"Smart TV LED 55"" BGH B5522US6A Android",$14738.14
2024-06-10,Control Remoto Tv Led Lcd Smart Para Bgh Top House 623 Zuk,$9787.17
2024-06-10,Control Remoto Smart Tv Para Bgh B4322fs5a Feelnology Led,$17145.23
2024-06-10,Control Remoto Smart Tv Con Comando Voz Para Hisense Bgh,$16044.31
2024-06-10,Control Remoto B5022us6a Para Bgh Feelnology Smart Tv,$15212.24
2024-06-10,Control Remoto Tv Smart Led Para Bgh Kodak Datsun Irt Zuk,$10095.65
2024-06-10,Control Remoto / Original Smart Tv / Hisense/bgh/noblex/jvc,$5591.10
2024-06-09,"Smart TV BGH Google Tv 5023US6G LED 4K 50"" 110V - 240V",$18383.86
2024-06-09,Tv Led Bgh 50 B5023us6g Smartv Uhd 4k Googletv/hdmi/usb,$8415.87
2024-06-09,Smart Tv Bgh Google Tv 5023us6g Led 4k 50 New,$19612.12
2024-06-09,Smart Tv Bgh Google Tv 5023us6g Led 4k 50  110v - 240v,$15885.62
2024-06-09,Smart Tv Bgh Google Tv 5023us6g Led 4k 50  110v - 240v C/c/c,$17185.76
2024-06-09,Smart Tv Uhd 4k 50  Bgh Google Tv B5023us6g,$13468.67
2024-06-09,Smart Tv Bgh Google Tv 5023us6g Led 4k 50,$12760.31
2024-06-09,Smart Tv 50 Pulgadas Bgh B5023us6g Fhd Google Tv,$6644.65
2024-06-09,Smart Tv Bgh Uhd Led 4k 50  B5023us6g Google Tv,$15604.35
2024-06-09,Smart Tv  Bgh Google Tv B5023us6g,$9505.68
2024-06-09,Smart Tv 4k Ultra Hd Bgh 50 Pulgadas Google Tv,$18864.85
2024-06-09,"Smart TV BGH B4322FS5A LED Android TV Full HD 43"" 220V",$11966.21
2024-06-09,Smart Tv Bgh 32'' Hd Control Por Voz Y Android Tv B3222s5a,$7545.64
2024-06-09,"Smart TV LED 55"" BGH B5522US6A Android",$12263.62
2024-06-09,Control Remoto Tv Led Lcd Smart Para Bgh Top House 623 Zuk,$19219.31
2024-06-09,Control Remoto Smart Tv Para Bgh B4322fs5a Feelnology Led,$14276.73
2024-06-09,Control Remoto Smart Tv Con Comando Voz Para Hisense Bgh,$17179.69
2024-06-09,Control Remoto B5022us6a Para Bgh Feelnology Smart Tv,$19455.03
2024-06-09,Control Remoto Tv Smart Led Para Bgh Kodak Datsun Irt Zuk,$5574.12
2024-06-09,Control Remoto / Original Smart Tv / Hisense/bgh/noblex/jvc,$10162.02
2024-06-24,"Smart TV BGH Google Tv 5023US6G LED 4K 50"" 110V - 240V",$7950.55
2024-06-24,Tv Led Bgh 50 B5023us6g Smartv Uhd 4k Googletv/hdmi/usb,$19162.01
2024-06-24,Smart Tv Bgh Google Tv 5023us6g Led 4k 50 New,$10294.65
2024-06-24,Smart Tv Bgh Google Tv 5023us6g Led 4k 50  110v - 240v,$12169.54
2024-06-24,Smart Tv Bgh Google Tv 5023us6g Led 4k 50  110v - 240v C/c/c,$15059.29
2024-06-24,Smart Tv Uhd 4k 50  Bgh Google Tv B5023us6g,$6707.50
2024-06-24,Smart Tv Bgh Google Tv 5023us6g Led 4k 50,$8604.07
2024-06-24,Smart Tv 50 Pulgadas Bgh B5023us6g Fhd Google Tv,$15311.20
2024-06-24,Smart Tv  Bgh Google Tv B5023us6g,$16762.85
2024-06-24,Smart Tv Bgh Uhd Led 4k 50  B5023us6g Google Tv,$10548.33
2024-06-24,Smart Tv 4k Ultra Hd Bgh 50 Pulgadas Google Tv,$6871.21
2024-06-24,Smart Tv Hd 32 Bgh Android B3223k5a,$8080.75
2024-06-24,Smart Tv Bgh 32'' Hd Control Por Voz Y Android Tv B3222s5a,$7870.80
2024-06-24,"Smart TV BGH B4322FS5A LED Android TV Full HD 43"" 220V",$15484.43
2024-06-24,"Smart TV LED 55"" BGH B5522US6A Android",$17058.45
2024-06-24,Control Remoto Tv Led Lcd Smart Para Bgh Top House 623 Zuk,$9767.31
2024-06-24,Control Remoto Smart Tv Para Bgh B4322fs5a Feelnology Led,$19990.48
2024-06-24,Control Remoto Smart Tv Con Comando Voz Para Hisense Bgh,$16543.98
2024-06-24,Control Remoto B5022us6a Para Bgh Feelnology Smart Tv,$14841.81
2024-06-24,Control Remoto / Original Smart Tv / Hisense/bgh/noblex/jvc,$10133.90
2024-06-23,"Smart TV BGH Google Tv 5023US6G LED 4K 50"" 110V - 240V",$10717.69
2024-06-23,Tv Led Bgh 50 B5023us6g Smartv Uhd 4k Googletv/hdmi/usb,$13183.54
2024-06-23,Smart Tv Bgh Google Tv 5023us6g Led 4k 50 New,$12202.02
2024-06-23,Smart Tv Bgh Google Tv 5023us6g Led 4k 50  110v - 240v,$19215.58
2024-06-23,Smart Tv Bgh Google Tv 5023us6g Led 4k 50  110v - 240v C/c/c,$9773.07
2024-06-23,Smart Tv Uhd 4k 50  Bgh Google Tv B5023us6g,$16287.82
2024-06-23,Smart Tv Bgh Google Tv 5023us6g Led 4k 50,$16999.41
2024-06-23,Smart Tv 50 Pulgadas Bgh B5023us6g Fhd Google Tv,$18277.65
2024-06-23,Smart Tv  Bgh Google Tv B5023us6g,$8233.23
2024-06-23,Smart Tv Bgh Uhd Led 4k 50  B5023us6g Google Tv,$10262.73
2024-06-23,Smart Tv 4k Ultra Hd Bgh 50 Pulgadas Google Tv,$18683.48
2024-06-23,Smart Tv Hd 32 Bgh Android B3223k5a,$11782.79
2024-06-23,Smart Tv Bgh 32'' Hd Control Por Voz Y Android Tv B3222s5a,$11457.07
2024-06-23,"Smart TV BGH B4322FS5A LED Android TV Full HD 43"" 220V",$9581.52
2024-06-23,"Smart TV LED 55"" BGH B5522US6A Android",$6940.21
2024-06-23,Control Remoto Tv Led Lcd Smart Para Bgh Top House 623 Zuk,$13585.93
2024-06-23,Control Remoto Smart Tv Para Bgh B4322fs5a Feelnology Led,$16395.21
2024-06-23,Control Remoto Smart Tv Con Comando Voz Para Hisense Bgh,$6532.33
2024-06-23,Control Remoto B5022us6a Para Bgh Feelnology Smart Tv,$17166.43
2024-06-23,Control Remoto / Original Smart Tv / Hisense/bgh/noblex/jvc,$15706.10
2024-06-22,"Smart TV BGH Google Tv 5023US6G LED 4K 50"" 110V - 240V",$16426.44
2024-06-22,Tv Led Bgh 50 B5023us6g Smartv Uhd 4k Googletv/hdmi/usb,$12034.01
2024-06-22,Smart Tv Bgh Google Tv 5023us6g Led 4k 50 New,$10770.53
2024-06-22,Smart Tv Bgh Google Tv 5023us6g Led 4k 50  110v - 240v,$19618.53
2024-06-22,Smart Tv Bgh Google Tv 5023us6g Led 4k 50  110v - 240v C/c/c,$9094.19
2024-06-22,Smart Tv Uhd 4k 50  Bgh Google Tv B5023us6g,$8294.46
2024-06-22,Smart Tv Bgh Google Tv 5023us6g Led 4k 50,$13188.38
2024-06-22,Smart Tv 50 Pulgadas Bgh B5023us6g Fhd Google Tv,$9344.12
2024-06-22,Smart Tv  Bgh Google Tv B5023us6g,$12897.49
2024-06-22,Smart Tv Bgh Uhd Led 4k 50  B5023us6g Google Tv,$9014.37
2024-06-22,Smart Tv 4k Ultra Hd Bgh 50 Pulgadas Google Tv,$18395.72
2024-06-22,Smart Tv Hd 32 Bgh Android B3223k5a,$14294.28
2024-06-22,Smart Tv Bgh 32'' Hd Control Por Voz Y Android Tv B3222s5a,$14932.19
2024-06-22,"Smart TV BGH B4322FS5A LED Android TV Full HD 43"" 220V",$10185.74
2024-06-22,"Smart TV LED 55"" BGH B5522US6A Android",$15359.76
2024-06-22,Control Remoto Tv Led Lcd Smart Para Bgh Top House 623 Zuk,$6019.80
2024-06-22,Control Remoto Smart Tv Para Bgh B4322fs5a Feelnology Led,$10209.51
2024-06-22,Control Remoto Smart Tv Con Comando Voz Para Hisense Bgh,$6733.21
2024-06-22,Control Remoto B5022us6a Para Bgh Feelnology Smart Tv,$7443.43
2024-06-22,Control Remoto / Original Smart Tv / Hisense/bgh/noblex/jvc,$5064.72
2024-06-21,"Smart TV BGH Google Tv 5023US6G LED 4K 50"" 110V - 240V",$7949.62
2024-06-21,Tv Led Bgh 50 B5023us6g Smartv Uhd 4k Googletv/hdmi/usb,$6683.85
2024-06-21,Smart Tv Bgh Google Tv 5023us6g Led 4k 50 New,$13560.68
2024-06-21,Smart Tv Bgh Google Tv 5023us6g Led 4k 50  110v - 240v,$10537.73
2024-06-21,Smart Tv Bgh Google Tv 5023us6g Led 4k 50  110v - 240v C/c/c,$16610.88
2024-06-21,Smart Tv Uhd 4k 50  Bgh Google Tv B5023us6g,$8056.47
2024-06-21,Smart Tv Bgh Google Tv 5023us6g Led 4k 50,$9082.89
2024-06-21,Smart Tv 50 Pulgadas Bgh B5023us6g Fhd Google Tv,$19527.16
2024-06-21,Smart Tv  Bgh Google Tv B5023us6g,$14668.43
2024-06-21,Smart Tv Bgh Uhd Led 4k 50  B5023us6g Google Tv,$17967.85
2024-06-21,Smart Tv 4k Ultra Hd Bgh 50 Pulgadas Google Tv,$12998.89
2024-06-21,Smart Tv Hd 32 Bgh Android B3223k5a,$15291.95
2024-06-21,Smart Tv Bgh 32'' Hd Control Por Voz Y Android Tv B3222s5a,$7915.50
2024-06-21,"Smart TV BGH B4322FS5A LED Android TV Full HD 43"" 220V",$9560.78
2024-06-21,"Smart TV LED 55"" BGH B5522US6A Android",$15893.55
2024-06-21,Control Remoto Tv Led Lcd Smart Para Bgh Top House 623 Zuk,$12514.36
2024-06-21,Control Remoto Smart Tv Para Bgh B4322fs5a Feelnology Led,$9714.97
2024-06-21,Control Remoto Smart Tv Con Comando Voz Para Hisense Bgh,$6767.34
2024-06-21,Control Remoto B5022us6a Para Bgh Feelnology Smart Tv,$11521.72
2024-06-21,Control Remoto / Original Smart Tv / Hisense/bgh/noblex/jvc,$17029.08
2024-06-20,"Smart TV BGH Google Tv 5023US6G LED 4K 50"" 110V - 240V",$18579.00
2024-06-20,Tv Led Bgh 50 B5023us6g Smartv Uhd 4k Googletv/hdmi/usb,$19163.56
2024-06-20,Smart Tv Bgh Google Tv 5023us6g Led 4k 50 New,$6716.09
2024-06-20,Smart Tv Bgh Google Tv 5023us6g Led 4k 50  110v - 240v,$14770.55
2024-06-20,Smart Tv Bgh Google Tv 5023us6g Led 4k 50  110v - 240v C/c/c,$7098.69
2024-06-20,Smart Tv Uhd 4k 50  Bgh Google Tv B5023us6g,$16833.20
2024-06-20,Smart Tv Bgh Google Tv 5023us6g Led 4k 50,$14314.47
2024-06-20,Smart Tv 50 Pulgadas Bgh B5023us6g Fhd Google Tv,$13260.50
2024-06-20,Smart Tv  Bgh Google Tv B5023us6g,$16898.67
2024-06-20,Smart Tv Bgh Uhd Led 4k 50  B5023us6g Google Tv,$15719.81
2024-06-20,Smart Tv 4k Ultra Hd Bgh 50 Pulgadas Google Tv,$15244.38
2024-06-20,Smart Tv Hd 32 Bgh Android B3223k5a,$19108.99
2024-06-20,Smart Tv Bgh 32'' Hd Control Por Voz Y Android Tv B3222s5a,$7241.56
2024-06-20,"Smart TV BGH B4322FS5A LED Android TV Full HD 43"" 220V",$19426.60
2024-06-20,"Smart TV LED 55"" BGH B5522US6A Android",$12550.29
2024-06-20,Control Remoto Tv Led Lcd Smart Para Bgh Top House 623 Zuk,$14405.57
2024-06-20,Control Remoto Smart Tv Para Bgh B4322fs5a Feelnology Led,$14809.55
2024-06-20,Control Remoto Smart Tv Con Comando Voz Para Hisense Bgh,$17633.12
2024-06-20,Control Remoto B5022us6a Para Bgh Feelnology Smart Tv,$17927.50
2024-06-20,Control Remoto / Original Smart Tv / Hisense/bgh/noblex/jvc,$10921.05
2024-06-19,"Smart TV BGH Google Tv 5023US6G LED 4K 50"" 110V - 240V",$8102.52
2024-06-19,Tv Led Bgh 50 B5023us6g Smartv Uhd 4k Googletv/hdmi/usb,$12393.92
2024-06-19,Smart Tv Bgh Google Tv 5023us6g Led 4k 50 New,$15464.47
2024-06-19,Smart Tv Bgh Google Tv 5023us6g Led 4k 50  110v - 240v,$7027.14
2024-06-19,Smart Tv Bgh Google Tv 5023us6g Led 4k 50  110v - 240v C/c/c,$19139.81
2024-06-19,Smart Tv Uhd 4k 50  Bgh Google Tv B5023us6g,$9075.87
2024-06-19,Smart Tv Bgh Google Tv 5023us6g Led 4k 50,$15267.53
2024-06-19,Smart Tv 50 Pulgadas Bgh B5023us6g Fhd Google Tv,$15346.83
2024-06-19,Smart Tv  Bgh Google Tv B5023us6g,$5484.30
2024-06-19,Smart Tv Bgh Uhd Led 4k 50  B5023us6g Google Tv,$6083.64
2024-06-19,Smart Tv 4k Ultra Hd Bgh 50 Pulgadas Google Tv,$17918.07
2024-06-19,Smart Tv Hd 32 Bgh Android B3223k5a,$16341.89
2024-06-19,Smart Tv Bgh 32'' Hd Control Por Voz Y Android Tv B3222s5a,$18105.48
2024-06-19,"Smart TV BGH B4322FS5A LED Android TV Full HD 43"" 220V",$16416.00
2024-06-19,"Smart TV LED 55"" BGH B5522US6A Android",$6879.23
2024-06-19,Control Remoto Tv Led Lcd Smart Para Bgh Top House 623 Zuk,$16081.34
2024-06-19,Control Remoto Smart Tv Para Bgh B4322fs5a Feelnology Led,$11507.28
2024-06-19,Control Remoto Smart Tv Con Comando Voz Para Hisense Bgh,$13238.08
2024-06-19,Control Remoto B5022us6a Para Bgh Feelnology Smart Tv,$13473.60
2024-06-19,Control Remoto / Original Smart Tv / Hisense/bgh/noblex/jvc,$5291.18
2024-06-18,"Smart TV BGH Google Tv 5023US6G LED 4K 50"" 110V - 240V",$10342.41
2024-06-18,Tv Led Bgh 50 B5023us6g Smartv Uhd 4k Googletv/hdmi/usb,$16792.33
2024-06-18,Smart Tv Bgh Google Tv 5023us6g Led 4k 50 New,$14162.43
2024-06-18,Smart Tv Bgh Google Tv 5023us6g Led 4k 50  110v - 240v,$10951.71
2024-06-18,Smart Tv Bgh Google Tv 5023us6g Led 4k 50  110v - 240v C/c/c,$16654.85
2024-06-18,Smart Tv Uhd 4k 50  Bgh Google Tv B5023us6g,$15945.60
2024-06-18,Smart Tv Bgh Google Tv 5023us6g Led 4k 50,$5913.57
2024-06-18,Smart Tv 50 Pulgadas Bgh B5023us6g Fhd Google Tv,$9499.99
2024-06-18,Smart Tv  Bgh Google Tv B5023us6g,$13119.66
2024-06-18,Smart Tv Bgh Uhd Led 4k 50  B5023us6g Google Tv,$6113.12
2024-06-18,Smart Tv 4k Ultra Hd Bgh 50 Pulgadas Google Tv,$9576.18
2024-06-18,Smart Tv Hd 32 Bgh Android B3223k5a,$18935.63
2024-06-18,Smart Tv Bgh 32'' Hd Control Por Voz Y Android Tv B3222s5a,$14369.30
2024-06-18,"Smart TV BGH B4322FS5A LED Android TV Full HD 43"" 220V",$7389.57
2024-06-18,"Smart TV LED 55"" BGH B5522US6A Android",$12897.08
2024-06-18,Control Remoto Tv Led Lcd Smart Para Bgh Top House 623 Zuk,$19867.45
2024-06-18,Control Remoto Smart Tv Para Bgh B4322fs5a Feelnology Led,$14361.82
2024-06-18,Control Remoto Smart Tv Con Comando Voz Para Hisense Bgh,$14857.61
2024-06-18,Control Remoto B5022us6a Para Bgh Feelnology Smart Tv,$9305.83
2024-06-18,Control Remoto / Original Smart Tv / Hisense/bgh/noblex/jvc,$15233.08
2024-06-17,"Smart TV BGH Google Tv 5023US6G LED 4K 50"" 110V - 240V",$19883.81
2024-06-17,Tv Led Bgh 50 B5023us6g Smartv Uhd 4k Googletv/hdmi/usb,$16914.48
2024-06-17,Smart Tv Bgh Google Tv 5023us6g Led 4k 50 New,$12728.94
2024-06-17,Smart Tv Bgh Google Tv 5023us6g Led 4k 50  110v - 240v,$11435.29
2024-06-17,Smart Tv Bgh Google Tv 5023us6g Led 4k 50  110v - 240v C/c/c,$19314.71
2024-06-17,Smart Tv Uhd 4k 50  Bgh Google Tv B5023us6g,$17756.10
2024-06-17,Smart Tv Bgh Google Tv 5023us6g Led 4k 50,$14834.54
2024-06-17,Smart Tv 50 Pulgadas Bgh B5023us6g Fhd Google Tv,$17292.61
2024-06-17,Smart Tv  Bgh Google Tv B5023us6g,$6570.50
2024-06-17,Smart Tv Bgh Uhd Led 4k 50  B5023us6g Google Tv,$13981.77
2024-06-17,Smart Tv 4k Ultra Hd Bgh 50 Pulgadas Google Tv,$14480.25
2024-06-17,Smart Tv Hd 32 Bgh Android B3223k5a,$18534.09
2024-06-17,Smart Tv Bgh 32'' Hd Control Por Voz Y Android Tv B3222s5a,$10903.52
2024-06-17,"Smart TV BGH B4322FS5A LED Android TV Full HD 43"" 220V",$19534.81
2024-06-17,"Smart TV LED 55"" BGH B5522US6A Android",$5094.33
2024-06-17,Control Remoto Tv Led Lcd Smart Para Bgh Top House 623 Zuk,$16487.74
2024-06-17,Control Remoto Smart Tv Para Bgh B4322fs5a Feelnology Led,$14980.83
2024-06-17,Control Remoto Smart Tv Con Comando Voz Para Hisense Bgh,$11674.03
2024-06-17,Control Remoto B5022us6a Para Bgh Feelnology Smart Tv,$16361.77
2024-06-17,Control Remoto / Original Smart Tv / Hisense/bgh/noblex/jvc,$17768.86
2024-06-16,"Smart TV BGH Google Tv 5023US6G LED 4K 50"" 110V - 240V",$18114.28
2024-06-16,Tv Led Bgh 50 B5023us6g Smartv Uhd 4k Googletv/hdmi/usb,$19031.40
2024-06-16,Smart Tv Bgh Google Tv 5023us6g Led 4k 50 New,$14946.89
2024-06-16,Smart Tv Bgh Google Tv 5023us6g Led 4k 50  110v - 240v,$11912.26
2024-06-16,Smart Tv Bgh Google Tv 5023us6g Led 4k 50  110v - 240v C/c/c,$11826.15
2024-06-16,Smart Tv Uhd 4k 50  Bgh Google Tv B5023us6g,$13346.73
2024-06-16,Smart Tv Bgh Google Tv 5023us6g Led 4k 50,$10191.81
2024-06-16,Smart Tv 50 Pulgadas Bgh B5023us6g Fhd Google Tv,$8528.47
2024-06-16,Smart Tv  Bgh Google Tv B5023us6g,$5933.36
2024-06-16,Smart Tv Bgh Uhd Led 4k 50  B5023us6g Google Tv,$17102.70
2024-06-16,Smart Tv 4k Ultra Hd Bgh 50 Pulgadas Google Tv,$15602.00
2024-06-16,Smart Tv Hd 32 Bgh Android B3223k5a,$6263.26
2024-06-16,Smart Tv Bgh 32'' Hd Control Por Voz Y Android Tv B3222s5a,$18143.17
2024-06-16,"Smart TV BGH B4322FS5A LED Android TV Full HD 43"" 220V",$8514.57
2024-06-16,"Smart TV LED 55"" BGH B5522US6A Android",$11738.86
2024-06-16,Control Remoto Tv Led Lcd Smart Para Bgh Top House 623 Zuk,$15545.63
2024-06-16,Control Remoto Smart Tv Para Bgh B4322fs5a Feelnology Led,$13619.01
2024-06-16,Control Remoto Smart Tv Con Comando Voz Para Hisense Bgh,$18822.11
2024-06-16,Control Remoto B5022us6a Para Bgh Feelnology Smart Tv,$6943.50
2024-06-16,Control Remoto / Original Smart Tv / Hisense/bgh/noblex/jvc,$7827.13
2024-06-15,"Smart TV BGH Google Tv 5023US6G LED 4K 50"" 110V - 240V",$5600.57
2024-06-15,Tv Led Bgh 50 B5023us6g Smartv Uhd 4k Googletv/hdmi/usb,$6576.26
2024-06-15,Smart Tv Bgh Google Tv 5023us6g Led 4k 50 New,$6768.04
2024-06-15,Smart Tv Bgh Google Tv 5023us6g Led 4k 50  110v - 240v,$7729.63
2024-06-15,Smart Tv Bgh Google Tv 5023us6g Led 4k 50  110v - 240v C/c/c,$5665.58
2024-06-15,Smart Tv Uhd 4k 50  Bgh Google Tv B5023us6g,$7003.24
2024-06-15,Smart Tv Bgh Google Tv 5023us6g Led 4k 50,$12778.67
2024-06-15,Smart Tv 50 Pulgadas Bgh B5023us6g Fhd Google Tv,$6879.34
2024-06-15,Smart Tv  Bgh Google Tv B5023us6g,$12746.57
2024-06-15,Smart Tv Bgh Uhd Led 4k 50  B5023us6g Google Tv,$16826.29
2024-06-15,Smart Tv 4k Ultra Hd Bgh 50 Pulgadas Google Tv,$11827.46
2024-06-15,Smart Tv Hd 32 Bgh Android B3223k5a,$11412.98
2024-06-15,Smart Tv Bgh 32'' Hd Control Por Voz Y Android Tv B3222s5a,$11067.80
2024-06-15,"Smart TV BGH B4322FS5A LED Android TV Full HD 43"" 220V",$13773.16
2024-06-15,"Smart TV LED 55"" BGH B5522US6A Android",$10332.67
2024-06-15,Control Remoto Tv Led Lcd Smart Para Bgh Top House 623 Zuk,$8375.96
2024-06-15,Control Remoto Smart Tv Para Bgh B4322fs5a Feelnology Led,$9274.17
2024-06-15,Control Remoto Smart Tv Con Comando Voz Para Hisense Bgh,$11403.34
2024-06-15,Control Remoto B5022us6a Para Bgh Feelnology Smart Tv,$7983.50
2024-06-15,Control Remoto / Original Smart Tv / Hisense/bgh/noblex/jvc,$9018.92
2024-06-14,"Smart TV BGH Google Tv 5023US6G LED 4K 50"" 110V - 240V",$5507.16
2024-06-14,Tv Led Bgh 50 B5023us6g Smartv Uhd 4k Googletv/hdmi/usb,$14782.32
2024-06-14,Smart Tv Bgh Google Tv 5023us6g Led 4k 50 New,$13960.56
2024-06-14,Smart Tv Bgh Google Tv 5023us6g Led 4k 50  110v - 240v,$11490.27
2024-06-14,Smart Tv Bgh Google Tv 5023us6g Led 4k 50  110v - 240v C/c/c,$7731.35
2024-06-14,Smart Tv Uhd 4k 50  Bgh Google Tv B5023us6g,$8827.34
2024-06-14,Smart Tv Bgh Google Tv 5023us6g Led 4k 50,$17890.97
2024-06-14,Smart Tv 50 Pulgadas Bgh B5023us6g Fhd Google Tv,$18554.69
2024-06-14,Smart Tv  Bgh Google Tv B5023us6g,$17086.85
2024-06-14,Smart Tv Bgh Uhd Led 4k 50  B5023us6g Google Tv,$15332.67
2024-06-14,Smart Tv 4k Ultra Hd Bgh 50 Pulgadas Google Tv,$18085.36
2024-06-14,Smart Tv Hd 32 Bgh Android B3223k5a,$6941.61
2024-06-14,Smart Tv Bgh 32'' Hd Control Por Voz Y Android Tv B3222s5a,$19982.76
2024-06-14,"Smart TV BGH B4322FS5A LED Android TV Full HD 43"" 220V",$9105.15
2024-06-14,"Smart TV LED 55"" BGH B5522US6A Android",$16440.07
2024-06-14,Control Remoto Tv Led Lcd Smart Para Bgh Top House 623 Zuk,$11160.16
2024-06-14,Control Remoto Smart Tv Para Bgh B4322fs5a Feelnology Led,$11814.87
2024-06-14,Control Remoto Smart Tv Con Comando Voz Para Hisense Bgh,$8547.99
2024-06-14,Control Remoto B5022us6a Para Bgh Feelnology Smart Tv,$9444.16
2024-06-14,Control Remoto / Original Smart Tv / Hisense/bgh/noblex/jvc,$13280.40
2024-06-13,"Smart TV BGH Google Tv 5023US6G LED 4K 50"" 110V - 240V",$13434.64
2024-06-13,Tv Led Bgh 50 B5023us6g Smartv Uhd 4k Googletv/hdmi/usb,$8560.30
2024-06-13,Smart Tv Bgh Google Tv 5023us6g Led 4k 50 New,$10365.71
2024-06-13,Smart Tv Bgh Google Tv 5023us6g Led 4k 50  110v - 240v,$18090.67
2024-06-13,Smart Tv Bgh Google Tv 5023us6g Led 4k 50  110v - 240v C/c/c,$17552.08
2024-06-13,Smart Tv Uhd 4k 50  Bgh Google Tv B5023us6g,$11700.96
2024-06-13,Smart Tv Bgh Google Tv 5023us6g Led 4k 50,$12740.56
2024-06-13,Smart Tv 50 Pulgadas Bgh B5023us6g Fhd Google Tv,$6668.41
2024-06-13,Smart Tv  Bgh Google Tv B5023us6g,$5719.07
2024-06-13,Smart Tv Bgh Uhd Led 4k 50  B5023us6g Google Tv,$8978.97
2024-06-13,Smart Tv 4k Ultra Hd Bgh 50 Pulgadas Google Tv,$12611.33
2024-06-13,Smart Tv Hd 32 Bgh Android B3223k5a,$15836.13
2024-06-13,Smart Tv Bgh 32'' Hd Control Por Voz Y Android Tv B3222s5a,$6052.06
2024-06-13,"Smart TV BGH B4322FS5A LED Android TV Full HD 43"" 220V",$15195.96
2024-06-13,"Smart TV LED 55"" BGH B5522US6A Android",$12411.40
2024-06-13,Control Remoto Tv Led Lcd Smart Para Bgh Top House 623 Zuk,$15648.57
2024-06-13,Control Remoto Smart Tv Para Bgh B4322fs5a Feelnology Led,$16781.06
2024-06-13,Control Remoto Smart Tv Con Comando Voz Para Hisense Bgh,$11160.02
2024-06-13,Control Remoto B5022us6a Para Bgh Feelnology Smart Tv,$15824.76
2024-06-13,Control Remoto / Original Smart Tv / Hisense/bgh/noblex/jvc,$10901.58
2024-06-12,"Smart TV BGH Google Tv 5023US6G LED 4K 50"" 110V - 240V",$8318.92
2024-06-12,Tv Led Bgh 50 B5023us6g Smartv Uhd 4k Googletv/hdmi/usb,$17685.52
2024-06-12,Smart Tv Bgh Google Tv 5023us6g Led 4k 50 New,$7892.27
2024-06-12,Smart Tv Bgh Google Tv 5023us6g Led 4k 50  110v - 240v,$11348.58
2024-06-12,Smart Tv Bgh Google Tv 5023us6g Led 4k 50  110v - 240v C/c/c,$7626.86
2024-06-12,Smart Tv Uhd 4k 50  Bgh Google Tv B5023us6g,$5282.82
2024-06-12,Smart Tv Bgh Google Tv 5023us6g Led 4k 50,$9101.91
2024-06-12,Smart Tv 50 Pulgadas Bgh B5023us6g Fhd Google Tv,$6296.69
2024-06-12,Smart Tv  Bgh Google Tv B5023us6g,$8992.81
2024-06-12,Smart Tv Bgh Uhd Led 4k 50  B5023us6g Google Tv,$7725.19
2024-06-12,Smart Tv 4k Ultra Hd Bgh 50 Pulgadas Google Tv,$7847.08
2024-06-12,Smart Tv Hd 32 Bgh Android B3223k5a,$6112.24
2024-06-12,Smart Tv Bgh 32'' Hd Control Por Voz Y Android Tv B3222s5a,$15923.55
2024-06-12,"Smart TV BGH B4322FS5A LED Android TV Full HD 43"" 220V",$6833.51
2024-06-12,"Smart TV LED 55"" BGH B5522US6A Android",$13831.60
2024-06-12,Control Remoto Tv Led Lcd Smart Para Bgh Top House 623 Zuk,$13177.70
2024-06-12,Control Remoto Smart Tv Para Bgh B4322fs5a Feelnology Led,$15245.75
2024-06-12,Control Remoto Smart Tv Con Comando Voz Para Hisense Bgh,$13177.91
2024-06-12,Control Remoto B5022us6a Para Bgh Feelnology Smart Tv,$5444.95
2024-06-12,Control Remoto / Original Smart Tv / Hisense/bgh/noblex/jvc,$19700.46
2024-06-11,"Smart TV BGH Google Tv 5023US6G LED 4K 50"" 110V - 240V",$10627.79
2024-06-11,Tv Led Bgh 50 B5023us6g Smartv Uhd 4k Googletv/hdmi/usb,$12095.92
2024-06-11,Smart Tv Bgh Google Tv 5023us6g Led 4k 50 New,$10493.69
2024-06-11,Smart Tv Bgh Google Tv 5023us6g Led 4k 50  110v - 240v,$7063.32
2024-06-11,Smart Tv Bgh Google Tv 5023us6g Led 4k 50  110v - 240v C/c/c,$6967.53
2024-06-11,Smart Tv Uhd 4k 50  Bgh Google Tv B5023us6g,$7354.30
2024-06-11,Smart Tv Bgh Google Tv 5023us6g Led 4k 50,$7277.67
2024-06-11,Smart Tv 50 Pulgadas Bgh B5023us6g Fhd Google Tv,$10448.62
2024-06-11,Smart Tv  Bgh Google Tv B5023us6g,$15808.24
2024-06-11,Smart Tv Bgh Uhd Led 4k 50  B5023us6g Google Tv,$6297.89
2024-06-11,Smart Tv 4k Ultra Hd Bgh 50 Pulgadas Google Tv,$11993.03
2024-06-11,Smart Tv Hd 32 Bgh Android B3223k5a,$10082.78
2024-06-11,Smart Tv Bgh 32'' Hd Control Por Voz Y Android Tv B3222s5a,$17984.97
2024-06-11,"Smart TV BGH B4322FS5A LED Android TV Full HD 43"" 220V",$15552.47
2024-06-11,"Smart TV LED 55"" BGH B5522US6A Android",$12392.12
2024-06-11,Control Remoto Tv Led Lcd Smart Para Bgh Top House 623 Zuk,$12121.72
2024-06-11,Control Remoto Smart Tv Para Bgh B4322fs5a Feelnology Led,$10601.10
2024-06-11,Control Remoto Smart Tv Con Comando Voz Para Hisense Bgh,$9501.97
2024-06-11,Control Remoto B5022us6a Para Bgh Feelnology Smart Tv,$17626.24
2024-06-11,Control Remoto / Original Smart Tv / Hisense/bgh/noblex/jvc,$15379.95
2024-06-10,"Smart TV BGH Google Tv 5023US6G LED 4K 50"" 110V - 240V",$18879.73
2024-06-10,Tv Led Bgh 50 B5023us6g Smartv Uhd 4k Googletv/hdmi/usb,$18808.34
2024-06-10,Smart Tv Bgh Google Tv 5023us6g Led 4k 50 New,$11033.16
2024-06-10,Smart Tv Bgh Google Tv 5023us6g Led 4k 50  110v - 240v,$9043.96
2024-06-10,Smart Tv Bgh Google Tv 5023us6g Led 4k 50  110v - 240v C/c/c,$10572.59
2024-06-10,Smart Tv Uhd 4k 50  Bgh Google Tv B5023us6g,$12732.74
2024-06-10,Smart Tv Bgh Google Tv 5023us6g Led 4k 50,$11797.53
2024-06-10,Smart Tv 50 Pulgadas Bgh B5023us6g Fhd Google Tv,$5657.55
2024-06-10,Smart Tv  Bgh Google Tv B5023us6g,$7481.08
2024-06-10,Smart Tv Bgh Uhd Led 4k 50  B5023us6g Google Tv,$16757.65
2024-06-10,Smart Tv 4k Ultra Hd Bgh 50 Pulgadas Google Tv,$13067.90
2024-06-10,Smart Tv Hd 32 Bgh Android B3223k5a,$7352.94
2024-06-10,Smart Tv Bgh 32'' Hd Control Por Voz Y Android Tv B3222s5a,$11720.01
2024-06-10,"Smart TV BGH B4322FS5A LED Android TV Full HD 43"" 220V",$19178.11
2024-06-10,"Smart TV LED 55"" BGH B5522US6A Android",$17256.72
2024-06-10,Control Remoto Tv Led Lcd Smart Para Bgh Top House 623 Zuk,$15551.64
2024-06-10,Control Remoto Smart Tv Para Bgh B4322fs5a Feelnology Led,$17289.37
2024-06-10,Control Remoto Smart Tv Con Comando Voz Para Hisense Bgh,$11751.53
2024-06-10,Control Remoto B5022us6a Para Bgh Feelnology Smart Tv,$14046.64
2024-06-10,Control Remoto / Original Smart Tv / Hisense/bgh/noblex/jvc,$9538.15
